September -- Earth, Wind & Fire
Gays 4 Donald -- Pink Guy
Theme From New York, New York -- Frank Sinatra
Chariots Of Fire -- Vangelis
Rocket Man (I Think It's Going To Be A Long, Long Time) -- Elton John
Sanic Main Theme -- Sanic, Dr. Robotnek
Hotel California - Remastered -- Eagles
Sandstorm - Radio Edit -- Darude
Back To The Future - From "Back To The Future" Original Score/End Credits -- The Outatime Orchestra
Young, Wild & Free (feat. Bruno Mars) -- Snoop Dogg, Wiz Khalifa, Bruno Mars
Spear of Justice -- Toby Fox
Don't You (Forget About Me) - Remastered -- Simple Minds
Hips Don't Lie -- Shakira, Wyclef Jean
Waterloo -- ABBA
Get on Your Feet -- Gloria Estefan
We Are Number One -- SharaX
Carry on Wayward Son -- Kansas
Danger Zone -- Kenny Loggins
Everything is Not What it Seems - Theme Song to Wizards of Waverly Place -- Selena Gomez
Hit or Miss -- Jacob Sartorius
Uptown Funk -- Mark Ronson, Bruno Mars
Anaconda -- Nicki Minaj
Kung Fu Fighting -- Carl Douglas
Litmas -- Jake Paul, Slim Jxmmi
Uptown Girl -- Billy Joel
rockstar -- Post Malone, 21 Savage
Bring Me To Life -- Evanescence
The X-Files -- The City of Prague Philharmonic Orchestra
Always Look On The Bright Side Of Life -- Monty Python
The Best Day Ever -- Spongebob, Sandy, Mr. Krabs, Plankton & Patrick
Holding Out for a Hero -- Bonnie Tyler
So Yesterday -- Hilary Duff
Bonito -- Jarabe De Palo
Bonito -- Jarabe De Palo
Mambo No. 5 (A Little Bit of...) -- Lou Bega
1 Thot 2 Thot Red Thot Blue Thot -- Yung Gravy
Bohemian Rhapsody -- William Shatner, John Wetton
Misirlou -- Dick Dale and his Del-Tones
I'm Alright - Theme from "Caddyshack" -- Kenny Loggins
Three More Weeks -- Elevator To Hell
Surf Rider -- The Lively Ones
Blue (Da Ba Dee) - Gabry Ponte Ice Pop Radio -- Eiffel 65, Gabry Ponte
Have You Ever Seen The Rain? -- Creedence Clearwater Revival
I2I -- Tevin Campbell, Rosie Gaines
Thrift Shop -- Kidz Bop Kids
Thrift Shop -- Kidz Bop Kids
Take Me Home, Country Roads - Rerecorded -- John Denver
Sweater Song -- Spongebob Squarepants
Foreplay / Long Time -- Boston
I'm A Believer - Radio Edit -- Smash Mouth
Goofy Goober Rock -- Spongebob Squarepants
Goofy Goober Rock -- Spongebob Squarepants
The Safety Dance -- Men Without Hats
Cult of Personality -- Living Colour
You Make My Dreams -- Daryl Hall & John Oates
Juke Box Hero -- Foreigner
Maniac -- Michael Sembello
Shooting Stars -- Bag Raiders
Bohemian Rhapsody - Remastered 2011 -- Queen
I Came to Dig (Remastered) [feat. Captainsparklez] -- Tryhardninja, Captainsparklez
I Found A Way -- Drake Bell
SpongeBob SquarePants Theme Song -- Spongebob Squarepants
The Fresh Prince of Bel-Air -- DJ Jazzy Jeff & The Fresh Prince
Run Away - Radio Edit -- Sunstroke Project, Olia Tira
And She Was [E.T. Version] (45 Version) -- Talking Heads
Loser -- Beck
Pokerap -- Pokémon
Hyrule Castle from "The Legend of Zelda: Breath Of The Wild" Video Game -- L'Orchestra Cinematique
Sweet Caroline - Single Version -- Neil Diamond
Circle Of Life - From "The Lion King"/Soundtrack -- Carmen Twillie, Lebo M.
Bitch -- Screamo
Welcome To Your Life -- Grouplove
I Got You (I Feel Good) -- James Brown & The Famous Flames
Really Nice Day - Soundtrack -- Eric Idle, John Du Prez
Ocean Man -- Ween
Want You Gone -- Aperture Science Psychoacoustic Laboratories
If I Didn't Have You -- Billy Crystal, John Goodman
Soviet National Anthem (Hymne National De L'Urss) -- The Red Army Choir
Harder Better Faster Stronger -- Daft Punk
Roundabout - Remastered Version -- Yes
Livin' la Vida Loca -- Ricky Martin
Otis McMusic -- Otis McDonald
Dancing Queen -- ABBA
Summer Of '69 -- Bryan Adams
The Fox (What Does The Fox Say?) -- Ylvis
SpongeBob SquarePants Theme - Movie Version -- The Pirates
And She Was - 2005 Remastered Version -- Talking Heads
Through The Fire And Flames -- DragonForce
Here Comes The Sun - Remastered 2009 -- The Beatles
Stacy's Mom -- Bowling For Soup
Y.M.C.A. -- Village People
Super Freak -- Rick James
Rocket Man -- William Shatner, Steve Hillage
Convoy -- C.W. McCall
The Duck Song -- Bryant Oden
Get Lucky (feat. Pharrell Williams & Nile Rodgers) - Radio Edit -- Daft Punk, Pharrell Williams, Nile Rodgers
Fabulous -- Phineas, Bobby Fabulous
Let's Get It Started - Spike Mix -- The Black Eyed Peas
KahootGm -- GraphicMuzik
My Happy Ending -- Avril Lavigne
Come Sail Away -- Styx
Wake Me up Before You Go-Go -- Wham!
My Name Is -- Eminem
Sweet Victory -- David Glen Eisley, Bob Kulick
Far Away -- Tomppabeats
Phinedroids and Ferbots -- Phinedroids and Ferbots
Never Gonna Give You Up -- Rick Astley
Never Gonna Give You Up -- Rick Astley
Sweet Dreams (Are Made of This) - Remastered -- Eurythmics
Sweet Dreams (Are Made of This) - Remastered -- Eurythmics
Funky Town -- Lipps Inc.
Heyyeyaaeyaaaeyaeyaa (Fabulous Secret Powers) -- SLACKCiRCUS
Don't Stop Believin' -- Journey
Shia LaBeouf Live -- Rob Cantor
Fuck Tha Police -- N.W.A.
Ripped Pants -- Spongebob Squarepants
Tunak Tunak Tun -- Daler Mehndi
Wuthering Heights -- Kate Bush
Crazy Train - Remastered -- Ozzy Osbourne
You've Got a Friend In Me - From "Toy Story" / Soundtrack -- Randy Newman
残酷な天使のテーゼ (新世紀エヴァンゲリオン) - -- Yoko Takahashi
Fuck You -- CeeLo Green
Kazoo Kid Trap - Original Mix -- Mike Diva
Busted -- Candace, Vanessa
Africa -- Toto
Don't Stop Me Now - Remastered -- Queen
Me and Julio Down by the Schoolyard -- Paul Simon
Narwhals -- Mr Weebl
I'm Gonna Be (500 Miles) -- The Proclaimers
You Snuck Your Way Right Into My Heart -- Love Händel
The Final Countdown -- Europe
Boyz-N-The-Hood -- Eazy-E
Welcome To The Jungle -- Guns N' Roses
Hooked on a Feeling -- Blue Swede, Björn Skifs
Photograph -- Nickelback
PONPONPON -- Kyary Pamyu Pamyu
Harlem Shake -- Baauer
Fruit Salad -- The Wiggles
All Star -- Smash Mouth
The Real Slim Shady -- Eminem
We Are The Champions -- Queen
Piano Man -- Billy Joel
The Devil Went Down to Georgia -- The Charlie Daniels Band
The Devil Went Down to Georgia -- The Charlie Daniels Band
Wii Turn Up (Wii Menu Remix) -- Murcy
In The Air Tonight -- Phil Collins
Hungry Like The Wolf - 2009 Remastered Version -- Duran Duran
Guren No Yumiya -- Linked Horizon
My Heart Will Go On - Love Theme from "Titanic" -- Céline Dion
The Joker -- Steve Miller Band
Leave It All To Me (Theme from iCarly) -- Miranda Cosgrove, Drake Bell
Law and Order: Theme From Law and Order -- TV Theme Song Library
The Time Is Now (John Cena) -- John Cena, Tha Trademarc, WWE
Russian National Anthem -- The Red Army Choir
Ni**as In Paris -- JAY Z, Kanye West
U Can't Touch This -- MC Hammer
Sleeping With the Television On -- Billy Joel
Babooshka -- Kate Bush
Mr. Blue Sky -- Electric Light Orchestra
Bye Bye Bye -- *NSYNC
Fireflies -- Owl City
Epic Sax Guy -- S. Stepanov
April Showers -- Proleter
Dream On -- Aerosmith
Casin -- glue70
Casin -- glue70
Ghostbusters -- Ray Parker, Jr.
The Office Theme -- Michael Scott Fan Club
Gary's Song -- Spongebob Squarepants
Gary's Song -- Spongebob Squarepants
Like An Enderman -- ThnxCya
Seinfeld -- TV Themes
Deja Vu (Initial D) -- Tsuko G.
Deja Vu (Initial D) -- Tsuko G.
Big Enough -- Kirin J Callinan, Alex Cameron, Molly Lewis, Jimmy Barnes
Stayin' Alive - From "Saturday Night Fever" Soundtrack -- Bee Gees
Jessie's Girl -- Rick Springfield
We Built This City -- Starship
Man's Not Hot -- Big Shaq
A Thousand Miles -- Vanessa Carlton
Last Christmas -- Wham!
Last Christmas -- Wham!
The Creativity Song -- Don't Hug Me I'm Scared
Hey Ya! - Radio Mix / Club Mix -- OutKast
Common People -- William Shatner
Take On Me -- a-ha
Hollywood Nights -- Bob Seger
American Pie -- Don McLean
God's Plan -- Drake
Happy Together -- The Turtles
Outside -- Bill Wurtz
We Are Number One - Instrumental Version -- 4Fate
Watch Me (Whip / Nae Nae) -- Kidz Bop Kids
Chains on Me -- The Smile Away Reformatory Glee Club, Dan Povenmire
Holiday Road - National Lampoon's Vacation -- Lindsey Buckingham
Livin' On A Prayer -- Bon Jovi
Thomas Theme -- Thomas & Friends
Lose Yourself - Soundtrack Version -- Eminem
And She Was -- Talking Heads
I'll Be There For You [Theme From FRIENDS] (45 version) -- The Rembrandts
Down Under -- Men At Work
Working for the Weekend -- Loverboy
Careless Whisper -- George Michael
Careless Whisper -- George Michael
Johnny B. Goode -- Chuck Berry
Loop de Loop -- Ween
Shake That -- Eminem, Nate Dogg
Pokemon Theme -- Pokémon
Friend Zone (feat. Gracie Haschak) -- MattyB, Gracie Haschak
The One and Only -- Chesney Hawkes
Hej Monica -- Nic & The Family
Hej Monica -- Nic & The Family
You Reposted in the Wrong Neighborhood I Glue70 Mashup -- Shokk
Mr. Sandman - 1954 #1 Billboard chart hit -- The Chordettes
Campfire Song Song -- Spongebob Squarepants
Hard Knock Life (Ghetto Anthem) -- The Academy Allstars
Taylor, The Latte Boy -- Susan Egan
Taylor, The Latte Boy -- Susan Egan
September -- Earth, Wind & Fire
My Humps -- The Black Eyed Peas
Gucci Gang -- Lil Pump
S.I.M.P. (Squirrels in My Pants) -- 2 Guys n the Parque
Yeah! -- Usher, Lil Jon, Ludacris
Rocket Man (I Think It's Going To Be A Long, Long Time) -- Elton John
Hotel California - Remastered -- Eagles
Sandstorm - Radio Edit -- Darude
#SELFIE -- The Chainsmokers
Young, Wild & Free (feat. Bruno Mars) -- Snoop Dogg, Wiz Khalifa, Bruno Mars
Don't You (Forget About Me) - Remastered -- Simple Minds
Boyz In The Hood -- Dynamite Hack
Hips Don't Lie -- Shakira, Wyclef Jean
Duval -- Flawda Water
All I Want for Christmas Is You -- Mariah Carey
I Am Your Gummy Bear (The Gummy Bear Song) -- Gummibär
Carry on Wayward Son -- Kansas
Danger Zone -- Kenny Loggins
Everything is Not What it Seems - Theme Song to Wizards of Waverly Place -- Selena Gomez
Hit or Miss -- Jacob Sartorius
Uptown Funk -- Mark Ronson, Bruno Mars
Shots -- LMFAO, Lil Jon
Litmas -- Jake Paul, Slim Jxmmi
Litmas -- Jake Paul, Slim Jxmmi
Uptown Girl -- Billy Joel
Uptown Girl -- Billy Joel
Girlfriend -- Avril Lavigne
Bring Me To Life -- Evanescence
The Best Day Ever -- Spongebob, Sandy, Mr. Krabs, Plankton & Patrick
Rebel Yell - 1999 - Remaster -- Billy Idol
Perry the Platypus Theme -- Randy Crenshaw
So Yesterday -- Hilary Duff
Ni**a Ni**a Ni**a -- Gangsta Rap
Where's Gary? -- Spongebob, Sandy, Mr. Krabs, Plankton & Patrick
I Want To Know What Love Is - Remastered -- Foreigner
1 Thot 2 Thot Red Thot Blue Thot -- Yung Gravy
P.Y.T. (Pretty Young Thing) -- Michael Jackson
The Boys Are Back in Town -- Thin Lizzy
Three More Weeks -- Elevator To Hell
I Don't Fuck With You -- Big Sean, E-40
Nyan Cat Theme -- Nyan Cat
Blue (Da Ba Dee) - Gabry Ponte Ice Pop Radio -- Eiffel 65, Gabry Ponte
Vienna -- Billy Joel
Have You Ever Seen The Rain? -- Creedence Clearwater Revival
Thrift Shop -- Kidz Bop Kids
Smells Like Teen Spirit -- Nirvana
Cold As Ice -- Foreigner
F.U.N. Song -- Spongebob Squarepants, Plankton
Burnin' Up -- Jonas Brothers
I'm A Believer - Radio Edit -- Smash Mouth
It Wasn't Me -- Shaggy, Ricardo Ducent
It Wasn't Me -- Shaggy, Ricardo Ducent
Who Let The Dogs Out -- Baha Men
The Safety Dance -- Men Without Hats
Juke Box Hero -- Foreigner
In The Air Tonight - 2015 Remastered -- Phil Collins
Hot For Teacher - 2015 Remastered Version -- Van Halen
Show Me Your Genitals -- Jon Lajoie
Complicated -- Avril Lavigne
Barbie Girl -- Aqua
I Found A Way -- Drake Bell
Somebody Kill Me -- Adam Sandler
The Fresh Prince of Bel-Air -- DJ Jazzy Jeff & The Fresh Prince
Down On Me -- Jeremih, 50 Cent
Turn Down For What - From "Alvin And The Chipmunks: The Road Chip" Soundtrack -- Alvin & The Chipmunks
Theme From Jeopardy! - Think Music -- TV Sounds Unlimited
Wanted Dead Or Alive -- Bon Jovi
Why You Always Lying? -- Nicholas Fraser
Sweet Caroline - Single Version -- Neil Diamond
Sweet Caroline - Single Version -- Neil Diamond
Welcome To Your Life -- Grouplove
Welcome To Your Life -- Grouplove
What Does The Fox Say -- I U 1 D C
Every Breath You Take - Remastered 2003 -- The Police
Ocean Man -- Ween
Friday -- Rebecca Black
Soviet National Anthem (Hymne National De L'Urss) -- The Red Army Choir
Play My Music -- Jonas Brothers
Harder Better Faster Stronger -- Daft Punk
The Duck Song 3 -- Bryant Oden
Livin' la Vida Loca -- Ricky Martin
Stronger -- Kanye West
Summer Of '69 -- Bryan Adams
Dancing Queen -- ABBA
The Fox (What Does The Fox Say?) -- Ylvis
SpongeBob SquarePants Theme - Movie Version -- The Pirates
Crazy -- Gnarls Barkley
(I Just) Died In Your Arms -- Cutting Crew

DONTTRUSTME -- 3OH!3
Y.M.C.A. -- Village People
Super Freak -- Rick James
Sweatshirt -- Jacob Sartorius
Sweatshirt -- Jacob Sartorius
Talk Dirty (feat. 2 Chainz) -- Jason Derulo, 2 Chainz
Get Lucky (feat. Pharrell Williams & Nile Rodgers) - Radio Edit -- Daft Punk, Pharrell Williams, Nile Rodgers
Let's Get It Started - Spike Mix -- The Black Eyed Peas
Get Low -- Ying Yang Twins, Lil Jon & The East Side Boyz
My Happy Ending -- Avril Lavigne
My Happy Ending -- Avril Lavigne
Wake Me up Before You Go-Go -- Wham!
Gold Digger -- Kanye West, Jamie Foxx
My Name Is -- Eminem
My Name Is -- Eminem
S.O.S. -- Jonas Brothers
S.O.S. -- Jonas Brothers
Year 3000 -- Jonas Brothers
Never Gonna Give You Up -- Rick Astley
Look At Me! -- XXXTENTACION
Today is Gonna be a Great Day - Theme Song to Phineas and Ferb -- Bowling For Soup
I Want You Back -- The Jackson 5
Funky Town -- Lipps Inc.
Don't Stop Believin' -- Journey
Best I Ever Had -- Drake
Fuck Tha Police -- N.W.A.
Ripped Pants -- Spongebob Squarepants
Wuthering Heights -- Kate Bush
Wuthering Heights -- Kate Bush
Crazy Train - Remastered -- Ozzy Osbourne
Hey Jude - Remastered 2015 -- The Beatles
It's Everyday Bro -- Jake Paul, Team 10
It's Everyday Bro -- Jake Paul, Team 10
Badger Badger Badger -- Mr Weebl
Straight Outta Compton - Extended Mix / Edit -- N.W.A.
Candyland -- Blood On The Dance Floor
Africa -- Toto
Watch Me (Whip / Nae Nae) -- Silentó
Milkshake - Radio Mix -- Kelis
I'm Gonna Be (500 Miles) -- The Proclaimers
Hungry Like The Wolf -- Duran Duran
Boyz-N-The-Hood -- Eazy-E
Boyz-N-The-Hood -- Eazy-E
What Is Love -- Haddaway
Welcome To The Jungle -- Guns N' Roses
Photograph -- Nickelback
Ignition - Remix -- R. Kelly
Harlem Shake -- Baauer
Fruit Salad -- The Wiggles
All Star -- Smash Mouth
The Real Slim Shady -- Eminem
Piano Man -- Billy Joel
We Are The Champions -- Queen
Stand By Me -- Ben E. King
Super Smash Bros Melee (Main Theme) -- 8-Bit Arcade
The Best of Both Worlds - From "Hannah Montana"/Soundtrack Version -- Hannah Montana
Wii Turn Up (Wii Menu Remix) -- Murcy
4 for 4$ -- at Wendys
Hungry Like The Wolf - 2009 Remastered Version -- Duran Duran
Good Riddance (Time of Your Life) -- Green Day
My Heart Will Go On - Love Theme from "Titanic" -- Céline Dion
Leave It All To Me (Theme from iCarly) -- Miranda Cosgrove, Drake Bell
Buddy Holly -- Weezer
The Anthem -- Good Charlotte
Gangnam Style (강남스타일) -- PSY
U Can't Touch This -- MC Hammer
The Suite Life of Zack and Cody -- TV Tunesters
Sleeping With the Television On -- Billy Joel
Let It Go - From "Frozen"/Soundtrack Version -- Idina Menzel
I Just Had Sex -- The Lonely Island, Akon
Bye Bye Bye -- *NSYNC
Fireflies -- Owl City
Basic Thugonomics -- John Cena, WWE
Pumped Up Kicks -- Foster The People
Dream On -- Aerosmith
Run Away With Me -- Carly Rae Jepsen
X Gon' Give It To Ya -- DMX
Crank That (Soulja Boy) -- Soulja Boy
You Give Love A Bad Name -- Bon Jovi
Phil Of The Future Theme -- The Hit Crew
Carolina In My Mind -- James Taylor
Do Nothing Day -- Candace, Jeremy
Gitchee Gitchee Goo -- Phineas and the Ferbtones
Party In The U.S.A. -- Miley Cyrus
Rest in Grease -- at Wendys
Stayin' Alive - From "Saturday Night Fever" Soundtrack -- Bee Gees
I Am A Gummy Bear (English) -- Gummibär
We Built This City -- Starship
Jessie's Girl -- Rick Springfield
Cocaine (feat. Lil Dicky) -- Brain, Lil Dicky
A Thousand Miles -- Vanessa Carlton
Freaky Friday (feat. Chris Brown) -- Lil Dicky, Chris Brown
Freaky Friday (feat. Chris Brown) -- Lil Dicky, Chris Brown
The Creativity Song -- Don't Hug Me I'm Scared
Hey Ya! - Radio Mix / Club Mix -- OutKast
Common People -- William Shatner
Common People -- William Shatner
Man's Not Hot - Christmas Edition -- Big Shaq
American Pie -- Don McLean
God's Plan -- Drake
God's Plan -- Drake
I Love You Mom -- Candace
We Are Number One - Instrumental Version -- 4Fate
Let's Go (feat. Ne-Yo) -- Calvin Harris, Ne-Yo
Watch Me (Whip / Nae Nae) -- Kidz Bop Kids
Livin' On A Prayer -- Bon Jovi
Brandy (You're a Fine Girl) -- Looking Glass
I Can't -- Gucci Mane
Thomas Theme -- Thomas & Friends
I'll Be There For You [Theme From FRIENDS] (45 version) -- The Rembrandts
I'll Be There For You [Theme From FRIENDS] (45 version) -- The Rembrandts
Everything Is AWESOME!!! -- Tegan and Sara, The Lonely Island
Working for the Weekend -- Loverboy
Ain't No Rest for the Wicked -- Cage The Elephant
Pump It -- The Black Eyed Peas
Johnny B. Goode -- Chuck Berry
Like A Boss -- The Lonely Island
Big Time Rush -- Big Time Rush
Big Time Rush -- Big Time Rush
Friend Zone (feat. Gracie Haschak) -- MattyB, Gracie Haschak
Bad Reputation -- Avril Lavigne
The Duck Song 2 -- Bryant Oden
You Spin Me Round (Like a Record) -- Dead Or Alive
We're All In This Together -- High School Musical Cast
We're All In This Together -- High School Musical Cast
Campfire Song Song -- Spongebob Squarepants
Clownin -- at Wendys
Please Stop Calling Me Gay -- Pink Guy
Taylor, The Latte Boy -- Susan Egan
September -- Earth, Wind & Fire
My Humps -- The Black Eyed Peas
Gucci Gang -- Lil Pump
S.I.M.P. (Squirrels in My Pants) -- 2 Guys n the Parque
Rocket Man (I Think It's Going To Be A Long, Long Time) -- Elton John
Gin And Juice (feat. Dat Nigga Daz) -- Snoop Dogg, Daz Dillinger
Hotel California - Remastered -- Eagles
Sandstorm - Radio Edit -- Darude
Young, Wild & Free (feat. Bruno Mars) -- Snoop Dogg, Wiz Khalifa, Bruno Mars
#SELFIE -- The Chainsmokers
Don't You (Forget About Me) - Remastered -- Simple Minds
Boyz In The Hood -- Dynamite Hack
Hips Don't Lie -- Shakira, Wyclef Jean
Waterloo -- ABBA
All I Want for Christmas Is You -- Mariah Carey
I Am Your Gummy Bear (The Gummy Bear Song) -- Gummibär
Carry on Wayward Son -- Kansas
Survivor -- Destiny's Child
Everything is Not What it Seems - Theme Song to Wizards of Waverly Place -- Selena Gomez
Hit or Miss -- Jacob Sartorius
Anaconda -- Nicki Minaj
Shots -- LMFAO, Lil Jon
Litmas -- Jake Paul, Slim Jxmmi
Kung Fu Fighting -- Carl Douglas
Uptown Girl -- Billy Joel
rockstar -- Post Malone, 21 Savage
Bring Me To Life -- Evanescence
Girlfriend -- Avril Lavigne
Cold Hard Bitch -- Jet
The Best Day Ever -- Spongebob, Sandy, Mr. Krabs, Plankton & Patrick
Holding Out for a Hero -- Bonnie Tyler
Not Afraid -- Eminem
Bonito -- Jarabe De Palo
Where's Gary? -- Spongebob, Sandy, Mr. Krabs, Plankton & Patrick
Mambo No. 5 (A Little Bit of...) -- Lou Bega
I Want To Know What Love Is - Remastered -- Foreigner
P.Y.T. (Pretty Young Thing) -- Michael Jackson
Feel Good Inc -- Gorillaz
I Don't Fuck With You -- Big Sean, E-40
Hollaback Girl -- Gwen Stefani
Blue (Da Ba Dee) - Gabry Ponte Ice Pop Radio -- Eiffel 65, Gabry Ponte
Nyan Cat Theme -- Nyan Cat
Beat It - Single Version -- Michael Jackson
Vienna -- Billy Joel
Smells Like Teen Spirit -- Nirvana
Thrift Shop -- Kidz Bop Kids
Take Me Home, Country Roads - Rerecorded -- John Denver
F.U.N. Song -- Spongebob Squarepants, Plankton
Burnin' Up -- Jonas Brothers
All Star -- Kidz Bop Kids
It Wasn't Me -- Shaggy, Ricardo Ducent
Goofy Goober Rock -- Spongebob Squarepants
The Safety Dance -- Men Without Hats
Dora The Explorer Party Mix (including "Dora The Explorer Theme" & "Travel Song") -- Dora The Explorer
In The Air Tonight - 2015 Remastered -- Phil Collins
Juke Box Hero -- Foreigner
Show Me Your Genitals -- Jon Lajoie
Shooting Stars -- Bag Raiders
Complicated -- Avril Lavigne
Bohemian Rhapsody - Remastered 2011 -- Queen
I Found A Way -- Drake Bell
SpongeBob SquarePants Theme Song -- Spongebob Squarepants
The Fresh Prince of Bel-Air -- DJ Jazzy Jeff & The Fresh Prince
Down On Me -- Jeremih, 50 Cent
Loser -- Beck
Theme From Jeopardy! - Think Music -- TV Sounds Unlimited
Wanted Dead Or Alive -- Bon Jovi
Spooky Scary Skeletons -- Spooky Scary Skeletons
Sexy And I Know It -- LMFAO
Circle Of Life - From "The Lion King"/Soundtrack -- Carmen Twillie, Lebo M.
Welcome To Your Life -- Grouplove
My Little Pony Theme Song -- Twilight Sparkle, Apple Jack, Rainbow Dash, Pinkie Pie, Rarity, Fluttershy
Dicks out for Harambe -- Rockie Gold
Every Breath You Take - Remastered 2003 -- The Police
Friday -- Rebecca Black
Ocean Man -- Ween
Hurt -- Johnny Cash
Soviet National Anthem (Hymne National De L'Urss) -- The Red Army Choir
Forever -- Drake, Kanye West, Lil Wayne, Eminem
Harder Better Faster Stronger -- Daft Punk
Clint Eastwood -- Gorillaz
Stronger -- Kanye West
Dancing Queen -- ABBA
Summer Of '69 -- Bryan Adams
The Fox (What Does The Fox Say?) -- Ylvis
SpongeBob SquarePants Theme - Movie Version -- The Pirates
(I Just) Died In Your Arms -- Cutting Crew
Crazy -- Gnarls Barkley
DONTTRUSTME -- 3OH!3
Stacy's Mom -- Bowling For Soup
Hex Girl -- Moon Sisters, The Nostalgia Girls
Y.M.C.A. -- Village People
Convoy -- C.W. McCall
Sweatshirt -- Jacob Sartorius
Talk Dirty (feat. 2 Chainz) -- Jason Derulo, 2 Chainz
Get Lucky (feat. Pharrell Williams & Nile Rodgers) - Radio Edit -- Daft Punk, Pharrell Williams, Nile Rodgers
Let's Get It Started - Spike Mix -- The Black Eyed Peas
Bed Intruder Song -- Antoine dodson & The Gregory Brothers, Antoine Dodson, The Gregory Brothers
My Happy Ending -- Avril Lavigne
Take Me Out -- Franz Ferdinand
Ain't No Mountain High Enough -- Marvin Gaye, Tammi Terrell
Gold Digger -- Kanye West, Jamie Foxx
My Name Is -- Eminem
Come Down -- Anderson .Paak
S.O.S. -- Jonas Brothers
Phinedroids and Ferbots -- Phinedroids and Ferbots
Year 3000 -- Jonas Brothers
Swimming Pools (Drank) - Extended Version -- Kendrick Lamar
Sweet Dreams (Are Made of This) - Remastered -- Eurythmics
My Tighty Whiteys -- Spongebob, Sandy, Mr. Krabs, Plankton & Patrick
Everybody (Backstreet's Back) - Radio Edit -- Backstreet Boys
Funky Town -- Lipps Inc.
Don't Stop Believin' -- Journey
Smooth Criminal - 2012 Remaster -- Michael Jackson
Fuck Tha Police -- N.W.A.
Smoke Weed Everyday (feat. Diezel) -- Trick Trick, Diezel
Wuthering Heights -- Kate Bush
Wuthering Heights -- Kate Bush
Hey Jude - Remastered 2015 -- The Beatles
You've Got a Friend In Me - From "Toy Story" / Soundtrack -- Randy Newman
Deepthroat -- cupcakKe
Immigrant Song -- Led Zeppelin
Kazoo Kid Trap - Original Mix -- Mike Diva
Come A Little Bit Closer -- Jay & The Americans
Don't Stop Me Now - Remastered -- Queen
Africa -- Toto
Watch Me (Whip / Nae Nae) -- Silentó
Milkshake - Radio Mix -- Kelis
Mine -- Bazzi
Hungry Like The Wolf -- Duran Duran
Boyz-N-The-Hood -- Eazy-E
The Final Countdown -- Europe
What Is Love -- Haddaway
Mad World (Feat. Michael Andrews) -- Gary Jules, Michael Andrews
PONPONPON -- Kyary Pamyu Pamyu
Photograph -- Nickelback
Harlem Shake -- Baauer
Fruit Salad -- The Wiggles
All Star -- Smash Mouth
The Real Slim Shady -- Eminem
We Are The Champions -- Queen
Bottoms Up - feat. Nicki Minaj -- Trey Songz
Walk This Way -- Aerosmith
Super Smash Bros Melee (Main Theme) -- 8-Bit Arcade
Wii Turn Up (Wii Menu Remix) -- Murcy
In The Air Tonight -- Phil Collins
4 for 4$ -- at Wendys
Believe -- Cher
Good Riddance (Time of Your Life) -- Green Day
My Heart Will Go On - Love Theme from "Titanic" -- Céline Dion
Leave It All To Me (Theme from iCarly) -- Miranda Cosgrove, Drake Bell
Why Don't You Get A Job -- The Offspring
The Time Is Now (John Cena) -- John Cena, Tha Trademarc, WWE
Russian National Anthem -- The Red Army Choir
Ni**as In Paris -- JAY Z, Kanye West
The Suite Life of Zack and Cody -- TV Tunesters
I Like To Move It -- Crazy Frog
Babooshka -- Kate Bush
Bye Bye Bye -- *NSYNC
I Just Had Sex -- The Lonely Island, Akon
Fireflies -- Owl City
Backyard Beach -- Ferb
Pumped Up Kicks -- Foster The People
We like to Party! (The Vengabus) -- Vengaboys
Run Away With Me -- Carly Rae Jepsen
Run Away With Me -- Carly Rae Jepsen
Don't Speak -- No Doubt
The Office Theme -- Michael Scott Fan Club
Love On Top -- Beyoncé
Gary's Song -- Spongebob Squarepants
Seinfeld -- TV Themes
Gitchee Gitchee Goo -- Phineas and the Ferbtones
Party In The U.S.A. -- Miley Cyrus
Mind Heist -- Zack Hemsey
Major Tom (Coming Home) -- William Shatner, Nick Valensi
Stayin' Alive - From "Saturday Night Fever" Soundtrack -- Bee Gees
We Built This City -- Starship
Walking On Sunshine -- Katrina & The Waves
A Thousand Miles -- Vanessa Carlton
A Horse with No Name -- America
Freaky Friday (feat. Chris Brown) -- Lil Dicky, Chris Brown
Cotton Eye Joe -- Rednex
The Creativity Song -- Don't Hug Me I'm Scared
Hey Ya! - Radio Mix / Club Mix -- OutKast
Take On Me -- a-ha
My Undead Mummy and Me -- Danny Jacob
That's So Raven (Theme Song) -- Raven-Symoné
American Pie -- Don McLean
God's Plan -- Drake
The Jellyfish Song (Music Box Version) -- Kleonlumi
Chop Suey! -- System Of A Down
I Love You Mom -- Candace
Let's Go (feat. Ne-Yo) -- Calvin Harris, Ne-Yo
Watch Me (Whip / Nae Nae) -- Kidz Bop Kids
Trololo Song -- Mr. Trololo
Livin' On A Prayer -- Bon Jovi
Krusty Krab Pizza Song (Spongebob Remix) -- William Jacobs
Thomas Theme -- Thomas & Friends
Till I Collapse -- Eminem, Nate Dogg
I'll Be There For You [Theme From FRIENDS] (45 version) -- The Rembrandts
Everything Is AWESOME!!! -- Tegan and Sara, The Lonely Island
Down Under -- Men At Work
Ncis Theme -- Numeriklab
Careless Whisper -- George Michael
Santa Diss Track -- Logan Paul
Loop de Loop -- Ween
Pokemon Theme -- Pokémon
Big Time Rush -- Big Time Rush
Friend Zone (feat. Gracie Haschak) -- MattyB, Gracie Haschak
White & Nerdy (Parody of "Ridin'" by Chamillionaire feat. Krayzie Bone) -- "Weird Al" Yankovic
You Spin Me Round (Like a Record) -- Dead Or Alive
Roxanne -- The Police
Hefner -- Tana Mongeau
We're All In This Together -- High School Musical Cast
Hard Knock Life (Ghetto Anthem) -- The Academy Allstars
Campfire Song Song -- Spongebob Squarepants
Taylor, The Latte Boy -- Susan Egan
Taylor, The Latte Boy -- Susan Egan
Majora's Mask - Overworld/Termina Field (Instrumental Remix) (The Legend of Zelda) -- Monsalve
Majora's Mask - Overworld/Termina Field (Instrumental Remix) (The Legend of Zelda) -- Monsalve
Shake That Ass Bitch - Original -- Splack Pack, Kidd Money
Shake That Ass Bitch - Original -- Splack Pack, Kidd Money
Sanic Main Theme -- Sanic, Dr. Robotnek
Sanic Main Theme -- Sanic, Dr. Robotnek
Scatman (ski-ba-bop-ba-dop-bop) -- Scatman John
Scatman (ski-ba-bop-ba-dop-bop) -- Scatman John
Back To The Future - From "Back To The Future" Original Score/End Credits -- The Outatime Orchestra
Back To The Future - From "Back To The Future" Original Score/End Credits -- The Outatime Orchestra
Rap God -- Eminem
Rap God -- Eminem
Hips Don't Lie -- Shakira, Wyclef Jean
Hips Don't Lie -- Shakira, Wyclef Jean
We Are Number One -- SharaX
We Are Number One -- SharaX
Carry on Wayward Son -- Kansas
Carry on Wayward Son -- Kansas
Come Together -- Aerosmith
Come Together -- Aerosmith
PPAP (Pen Pineapple Apple Pen) - Long Version -- PIKOTARO
PPAP (Pen Pineapple Apple Pen) - Long Version -- PIKOTARO
Kung Fu Fighting -- Carl Douglas
Kung Fu Fighting -- Carl Douglas
Gonna Fly Now - Theme From "Rocky" / Remastered -- Bill Conti
Gonna Fly Now - Theme From "Rocky" / Remastered -- Bill Conti
Bring Me To Life -- Evanescence
Bring Me To Life -- Evanescence
Always Look On The Bright Side Of Life -- Monty Python
Always Look On The Bright Side Of Life -- Monty Python
Holding Out for a Hero -- Bonnie Tyler
Holding Out for a Hero -- Bonnie Tyler
Ni**a Ni**a Ni**a -- Gangsta Rap
Ni**a Ni**a Ni**a -- Gangsta Rap
Mambo No. 5 (A Little Bit of...) -- Lou Bega
Mambo No. 5 (A Little Bit of...) -- Lou Bega
Misirlou -- Dick Dale and his Del-Tones
Misirlou -- Dick Dale and his Del-Tones
Somebody's Watching Me - Single Version -- Rockwell
I Don't Fuck With You -- Big Sean, E-40
Nyan Cat Theme -- Nyan Cat
Nyan Cat Theme -- Nyan Cat
Scatman's World -- Scatman John
Beat It - Single Version -- Michael Jackson
Music from the "Avengers: Infinity War" Trailer -- L'Orchestra Cinematique
Music from the "Avengers: Infinity War" Trailer -- L'Orchestra Cinematique
Take Me Home, Country Roads - Rerecorded -- John Denver
Take Me Home, Country Roads - Rerecorded -- John Denver
Burnin' Up -- Jonas Brothers
Burnin' Up -- Jonas Brothers
Goofy Goober Rock -- Spongebob Squarepants
Goofy Goober Rock -- Spongebob Squarepants
Who Let The Dogs Out -- Baha Men
Who Let The Dogs Out -- Baha Men
Juke Box Hero -- Foreigner
Juke Box Hero -- Foreigner
Hot For Teacher - 2015 Remastered Version -- Van Halen
Hot For Teacher - 2015 Remastered Version -- Van Halen
Complicated -- Avril Lavigne
Complicated -- Avril Lavigne
(Rock) Superstar -- Cypress Hill
(Rock) Superstar -- Cypress Hill
The Fresh Prince of Bel-Air -- DJ Jazzy Jeff & The Fresh Prince
The Fresh Prince of Bel-Air -- DJ Jazzy Jeff & The Fresh Prince
And She Was [E.T. Version] (45 Version) -- Talking Heads
And She Was [E.T. Version] (45 Version) -- Talking Heads
Pokerap -- Pokémon
Hyrule Castle from "The Legend of Zelda: Breath Of The Wild" Video Game -- L'Orchestra Cinematique

Sexy And I Know It -- LMFAO
Every Sperm Is Sacred -- Monty Python
Every Sperm Is Sacred -- Monty Python
Really Nice Day - Soundtrack -- Eric Idle, John Du Prez
Really Nice Day - Soundtrack -- Eric Idle, John Du Prez
Ocean Man -- Ween
Ocean Man -- Ween
Soviet National Anthem (Hymne National De L'Urss) -- The Red Army Choir
Soviet National Anthem (Hymne National De L'Urss) -- The Red Army Choir
Roundabout - Remastered Version -- Yes
Roundabout - Remastered Version -- Yes
Livin' la Vida Loca -- Ricky Martin
Livin' la Vida Loca -- Ricky Martin
Dancing Queen -- ABBA
Rapper's Delight -- The Sugarhill Gang
Wild Side -- Mötley Crüe
Wild Side -- Mötley Crüe
Through The Fire And Flames -- DragonForce
Through The Fire And Flames -- DragonForce
Stacy's Mom -- Bowling For Soup
SpongeBob SquarePants Theme -- Avril Lavigne
Y.M.C.A. -- Village People
Y.M.C.A. -- Village People
Rocket Man -- William Shatner, Steve Hillage
Rocket Man -- William Shatner, Steve Hillage
Get Lucky (feat. Pharrell Williams & Nile Rodgers) - Radio Edit -- Daft Punk, Pharrell Williams, Nile Rodgers
Get Lucky (feat. Pharrell Williams & Nile Rodgers) - Radio Edit -- Daft Punk, Pharrell Williams, Nile Rodgers
Super Mario Bros - Original -- Stryker Pose
Super Mario Bros - Original -- Stryker Pose
Waving My Dick In The Wind -- Ween
Waving My Dick In The Wind -- Ween
Wake Me up Before You Go-Go -- Wham!
Wake Me up Before You Go-Go -- Wham!
My Name Is -- Eminem
My Name Is -- Eminem
Back In Black -- AC/DC
Back In Black -- AC/DC
Never Gonna Give You Up -- Rick Astley
Never Gonna Give You Up -- Rick Astley
Rockaway Beach - Remastered Version -- Ramones
Rockaway Beach - Remastered Version -- Ramones
Heyyeyaaeyaaaeyaeyaa (Fabulous Secret Powers) -- SLACKCiRCUS
Heyyeyaaeyaaaeyaeyaa (Fabulous Secret Powers) -- SLACKCiRCUS
Smooth Criminal - 2012 Remaster -- Michael Jackson
Footloose -- Kenny Loggins
Smoke Weed Everyday (feat. Diezel) -- Trick Trick, Diezel
Smoke Weed Everyday (feat. Diezel) -- Trick Trick, Diezel
Mii Channel (Nintendo Wii) -- The OneUps
Mii Channel (Nintendo Wii) -- The OneUps
Let's Get It On -- Marvin Gaye
You've Got a Friend In Me - From "Toy Story" / Soundtrack -- Randy Newman
Deepthroat -- cupcakKe
Immigrant Song -- Led Zeppelin
Straight Outta Compton - Extended Mix / Edit -- N.W.A.
Come A Little Bit Closer -- Jay & The Americans
Don't Stop Me Now - Remastered -- Queen
Africa -- Toto
Move Bitch -- Disturbing Tha Peace, Ludacris, Mystikal, I-20
Move Bitch -- Disturbing Tha Peace, Ludacris, Mystikal, I-20
I'm Gonna Be (500 Miles) -- The Proclaimers
I'm Gonna Be (500 Miles) -- The Proclaimers
The Final Countdown -- Europe
The Final Countdown -- Europe
Welcome To The Jungle -- Guns N' Roses
Welcome To The Jungle -- Guns N' Roses
Ignition - Remix -- R. Kelly
Ignition - Remix -- R. Kelly
Harlem Shake -- Baauer
Harlem Shake -- Baauer
The Real Slim Shady -- Eminem
The Real Slim Shady -- Eminem
Billie Jean -- Michael Jackson
Billie Jean -- Michael Jackson
Spiderman -- T.V Themes
The Devil Went Down to Georgia -- The Charlie Daniels Band
Galaxy Song -- Monty Python
In The Air Tonight -- Phil Collins
Guren No Yumiya -- Linked Horizon
Guren No Yumiya -- Linked Horizon
Good Riddance (Time of Your Life) -- Green Day
Good Riddance (Time of Your Life) -- Green Day
Penis Song (Not The Noel Coward Song) -- Monty Python
Penis Song (Not The Noel Coward Song) -- Monty Python
Gangnam Style (강남스타일) -- PSY
Gangnam Style (강남스타일) -- PSY
U Can't Touch This -- MC Hammer
U Can't Touch This -- MC Hammer
Babooshka -- Kate Bush
Babooshka -- Kate Bush
Krusty Krab Spongebob Trap Remix Vine Theme -- William Jacobs
Krusty Krab Spongebob Trap Remix Vine Theme -- William Jacobs
Cantina Band - From "Star Wars: A New Hope" -- London Voices, London Symphony Orchestra, John Williams, New London Children's Choir
Cantina Band - From "Star Wars: A New Hope" -- London Voices, London Symphony Orchestra, John Williams, New London Children's Choir
Pumped Up Kicks -- Foster The People
Dream On -- Aerosmith
Pirates of the Caribbean (Main Theme) -- The Intermezzo Orchestra
Pirates of the Caribbean (Main Theme) -- The Intermezzo Orchestra
Crank That (Soulja Boy) -- Soulja Boy
Ghostbusters -- Ray Parker, Jr.
Love On Top -- Beyoncé
Gary's Song -- Spongebob Squarepants
Seinfeld -- TV Themes
Seinfeld -- TV Themes
Deja Vu (Initial D) -- Tsuko G.
Deja Vu (Initial D) -- Tsuko G.
Stayin' Alive - From "Saturday Night Fever" Soundtrack -- Bee Gees
Major Tom (Coming Home) -- William Shatner, Nick Valensi
Walking On Sunshine -- Katrina & The Waves
Walking On Sunshine -- Katrina & The Waves
A Thousand Miles -- Vanessa Carlton
A Thousand Miles -- Vanessa Carlton
Rasputin -- Turisas
Rasputin -- Turisas
Closing Time -- Semisonic
Closing Time -- Semisonic
Take On Me -- a-ha
Take On Me -- a-ha
Man's Not Hot - Christmas Edition -- Big Shaq
Man's Not Hot - Christmas Edition -- Big Shaq
The Avengers -- Alan Silvestri
The Avengers -- Alan Silvestri
We Are Number One - Instrumental Version -- 4Fate
We Are Number One - Instrumental Version -- 4Fate
Chains on Me -- The Smile Away Reformatory Glee Club, Dan Povenmire
Chains on Me -- The Smile Away Reformatory Glee Club, Dan Povenmire
Why Can't We Be Friends -- Smash Mouth
Holiday Road - National Lampoon's Vacation -- Lindsey Buckingham
Krusty Krab Pizza Song (Spongebob Remix) -- William Jacobs
Lose Yourself - Soundtrack Version -- Eminem
FACK -- Eminem
Bill Nye the Science Guy -- Mr Dooves
Misirlou - Single Version -- Dick Dale and his Del-Tones
Misirlou - Single Version -- Dick Dale and his Del-Tones
Careless Whisper -- George Michael
Careless Whisper -- George Michael
Johnny B. Goode -- Chuck Berry
Johnny B. Goode -- Chuck Berry
Shake That -- Eminem, Nate Dogg
Pokemon Theme -- Pokémon
I Am A Man Of Constant Sorrow - From “O Brother, Where Art Thou” Soundtrack / Radio Station Version -- The Soggy Bottom Boys, Dan Tyminski
I Am A Man Of Constant Sorrow - From “O Brother, Where Art Thou” Soundtrack / Radio Station Version -- The Soggy Bottom Boys, Dan Tyminski
You Spin Me Round (Like a Record) -- Dead Or Alive
You Spin Me Round (Like a Record) -- Dead Or Alive
Mr. Sandman - 1954 #1 Billboard chart hit -- The Chordettes
Mr. Sandman - 1954 #1 Billboard chart hit -- The Chordettes
Campfire Song Song -- Spongebob Squarepants
Campfire Song Song -- Spongebob Squarepants
My Nigga -- YG, Jeezy, Rich Homie Quan
My Nigga -- YG, Jeezy, Rich Homie Quan
September -- Earth, Wind & Fire
Gays 4 Donald -- Pink Guy
S.I.M.P. (Squirrels in My Pants) -- 2 Guys n the Parque
Gucci Gang -- Lil Pump
Gin And Juice (feat. Dat Nigga Daz) -- Snoop Dogg, Daz Dillinger
Sanic Main Theme -- Sanic, Dr. Robotnek
Sandstorm - Radio Edit -- Darude
Scatman (ski-ba-bop-ba-dop-bop) -- Scatman John
He's a Bully -- Robbie Wyckoff
#SELFIE -- The Chainsmokers
Boyz In The Hood -- Dynamite Hack
Don't You (Forget About Me) - Remastered -- Simple Minds
Waterloo -- ABBA
Hips Don't Lie -- Shakira, Wyclef Jean
All I Want for Christmas Is You -- Mariah Carey
Ultimate -- Denzel Curry
Danger Zone -- Kenny Loggins
Sunglasses At Night -- Corey Hart
Hit or Miss -- Jacob Sartorius
Everything is Not What it Seems - Theme Song to Wizards of Waverly Place -- Selena Gomez
Shots -- LMFAO, Lil Jon
Uptown Funk -- Mark Ronson, Bruno Mars
No Homo -- The Lonely Island
Litmas -- Jake Paul, Slim Jxmmi
Uptown Girl -- Billy Joel
Ain't Got Rhythm -- Phineas, Sherman
Bring Me To Life -- Evanescence
The Chipmunk Song (Christmas Don't Be Late) - Remastered 1999 -- Alvin & The Chipmunks, David Seville
Bad Moon Rising -- Creedence Clearwater Revival
The Best Day Ever -- Spongebob, Sandy, Mr. Krabs, Plankton & Patrick
Perry the Platypus Theme -- Randy Crenshaw
Holding Out for a Hero -- Bonnie Tyler
Ni**a Ni**a Ni**a -- Gangsta Rap
Bonito -- Jarabe De Palo
Mambo No. 5 (A Little Bit of...) -- Lou Bega
1 Thot 2 Thot Red Thot Blue Thot -- Yung Gravy
The Boys Are Back in Town -- Thin Lizzy
Misirlou -- Dick Dale and his Del-Tones
Three More Weeks -- Elevator To Hell
I Don't Fuck With You -- Big Sean, E-40
Blue (Da Ba Dee) - Gabry Ponte Ice Pop Radio -- Eiffel 65, Gabry Ponte
Nyan Cat Theme -- Nyan Cat
I2I -- Tevin Campbell, Rosie Gaines
Beat It - Single Version -- Michael Jackson
Thrift Shop -- Kidz Bop Kids
Jizz In My Pants -- The Lonely Island
Take Me Home, Country Roads - Rerecorded -- John Denver
Cherry Pie -- Warrant
I'm A Believer - Radio Edit -- Smash Mouth
I'm A Believer - Radio Edit -- Smash Mouth
It Wasn't Me -- Shaggy, Ricardo Ducent
Goofy Goober Rock -- Spongebob Squarepants
The Safety Dance -- Men Without Hats
NFL On FOX Theme -- Slumber Girlz U Rock
Still -- Geto Boys
You Make My Dreams -- Daryl Hall & John Oates
Shooting Stars -- Bag Raiders
Maniac -- Michael Sembello
Bohemian Rhapsody - Remastered 2011 -- Queen
I Came to Dig (Remastered) [feat. Captainsparklez] -- Tryhardninja, Captainsparklez
I Found A Way -- Drake Bell
Somebody Kill Me -- Adam Sandler
Run Away - Radio Edit -- Sunstroke Project, Olia Tira
Down On Me -- Jeremih, 50 Cent
Choices (Yup) -- E-40
And She Was [E.T. Version] (45 Version) -- Talking Heads
Spooky Scary Skeletons -- Spooky Scary Skeletons
Why You Always Lying? -- Nicholas Fraser
CoCo -- O.T. Genasis
Circle Of Life - From "The Lion King"/Soundtrack -- Carmen Twillie, Lebo M.
Let's Take a Rocketship to Space -- Danny and the Jaytones
Let's Take a Rocketship to Space -- Danny and the Jaytones
Dicks out for Harambe -- Rockie Gold
What Does The Fox Say -- I U 1 D C
Ocean Man -- Ween
Ocean Man -- Ween
Soviet National Anthem (Hymne National De L'Urss) -- The Red Army Choir
Soviet National Anthem (Hymne National De L'Urss) -- The Red Army Choir
Harder Better Faster Stronger -- Daft Punk
Forever -- Drake, Kanye West, Lil Wayne, Eminem
Livin' la Vida Loca -- Ricky Martin
Stronger -- Kanye West
Summer Of '69 -- Bryan Adams
Dancing Queen -- ABBA
Fox Baseball Theme Song -- All-Star Sports Machine
The Fox (What Does The Fox Say?) -- Ylvis
Through The Fire And Flames -- DragonForce
And She Was - 2005 Remastered Version -- Talking Heads
DONTTRUSTME -- 3OH!3
Stacy's Mom -- Bowling For Soup
Y.M.C.A. -- Village People
Hex Girl -- Moon Sisters, The Nostalgia Girls
Sweatshirt -- Jacob Sartorius
Politics (feat. Foti) -- Josh A, Foti
Talk Dirty (feat. 2 Chainz) -- Jason Derulo, 2 Chainz
Get Lucky (feat. Pharrell Williams & Nile Rodgers) - Radio Edit -- Daft Punk, Pharrell Williams, Nile Rodgers
Get Low -- Ying Yang Twins, Lil Jon & The East Side Boyz
Let's Get It Started - Spike Mix -- The Black Eyed Peas
KahootGm -- GraphicMuzik
Song 2 -- Blur
No Rain -- Blind Melon
Gold Digger -- Kanye West, Jamie Foxx
Sweet Victory -- David Glen Eisley, Bob Kulick
Blackout -- Breathe Carolina
Ebola (La La) -- Rucka Rucka Ali
S.O.S. -- Jonas Brothers
Never Gonna Give You Up -- Rick Astley
Never Gonna Give You Up -- Rick Astley
Look At Me! -- XXXTENTACION
Rockaway Beach - Remastered Version -- Ramones
Heyyeyaaeyaaaeyaeyaa (Fabulous Secret Powers) -- SLACKCiRCUS
Funky Town -- Lipps Inc.
Shia LaBeouf Live -- Rob Cantor
Footloose -- Kenny Loggins
Ripped Pants -- Spongebob Squarepants
Fuck Tha Police -- N.W.A.
Tunak Tunak Tun -- Daler Mehndi
Tunak Tunak Tun -- Daler Mehndi
Hey Jude - Remastered 2015 -- The Beatles
You've Got a Friend In Me - From "Toy Story" / Soundtrack -- Randy Newman
Deepthroat -- cupcakKe
Immigrant Song -- Led Zeppelin
Kazoo Kid Trap - Original Mix -- Mike Diva
Busted -- Candace, Vanessa
Africa -- Toto
Finest Girl (Bin Laden Song) -- The Lonely Island
Me and Julio Down by the Schoolyard -- Paul Simon
Milkshake - Radio Mix -- Kelis
I'm Gonna Be (500 Miles) -- The Proclaimers
Hungry Like The Wolf -- Duran Duran
Green Trill Zone -- Sanic, Dr. Robotnek
Boyz-N-The-Hood -- Eazy-E
What Is Love -- Haddaway
Hooked on a Feeling -- Blue Swede, Björn Skifs
Twitter Fingers -- at Wendys
Ignition - Remix -- R. Kelly
Nickelodeon Girls -- Pink Guy
Fruit Salad -- The Wiggles
All Star -- Smash Mouth
Duel Of The Fates -- London Voices, London Symphony Orchestra, John Williams, New London Children's Choir
Billie Jean -- Michael Jackson
Piano Man -- Billy Joel
Super Smash Bros Melee (Main Theme) -- 8-Bit Arcade
Stand By Me -- Ben E. King
Wii Turn Up (Wii Menu Remix) -- Murcy
The Best of Both Worlds - From "Hannah Montana"/Soundtrack Version -- Hannah Montana
Winner Winner -- Hovey Benjamin
Hungry Like The Wolf - 2009 Remastered Version -- Duran Duran
Good Riddance (Time of Your Life) -- Green Day
My Heart Will Go On - Love Theme from "Titanic" -- Céline Dion
Leave It All To Me (Theme from iCarly) -- Miranda Cosgrove, Drake Bell
Why Don't You Get A Job -- The Offspring
My Dick -- Mickey Avalon
The Time Is Now (John Cena) -- John Cena, Tha Trademarc, WWE
U Can't Touch This -- MC Hammer
Ni**as In Paris -- JAY Z, Kanye West
Dat Boi (O Shit Waddup!) -- Dj Cutman
Babooshka -- Kate Bush
I Just Had Sex -- The Lonely Island, Akon
Mr. Blue Sky -- Electric Light Orchestra
Fireflies -- Owl City
Cantina Band - From "Star Wars: A New Hope" -- London Voices, London Symphony Orchestra, John Williams, New London Children's Choir
April Showers -- Proleter
April Showers -- Proleter
Pirates of the Caribbean (Main Theme) -- The Intermezzo Orchestra
Casin -- glue70
Crank That (Soulja Boy) -- Soulja Boy
You Give Love A Bad Name -- Bon Jovi
Gary's Song -- Spongebob Squarepants
Phil Of The Future Theme -- The Hit Crew
Remember The Name (feat. Styles Of Beyond) -- Fort Minor, Styles Of Beyond
Gitchee Gitchee Goo -- Phineas and the Ferbtones
Party In The U.S.A. -- Miley Cyrus
Deja Vu (Initial D) -- Tsuko G.
Raiders March -- John Williams
Stayin' Alive - From "Saturday Night Fever" Soundtrack -- Bee Gees
Jessie's Girl -- Rick Springfield
We Built This City -- Starship
Man's Not Hot -- Big Shaq
Cocaine (feat. Lil Dicky) -- Brain, Lil Dicky
Freaky Friday (feat. Chris Brown) -- Lil Dicky, Chris Brown
Last Christmas -- Wham!
Hey Ya! - Radio Mix / Club Mix -- OutKast
Hey Ya! - Radio Mix / Club Mix -- OutKast
Take On Me -- a-ha
My Neck, My Back (Lick It) - Street/Club Version -- Khia
American Pie -- Don McLean
Man's Not Hot - Christmas Edition -- Big Shaq
Happy Together -- The Turtles
The Jellyfish Song (Music Box Version) -- Kleonlumi
Chop Suey! -- System Of A Down
Small Dick -- Pink Guy
Chains on Me -- The Smile Away Reformatory Glee Club, Dan Povenmire
Chains on Me -- The Smile Away Reformatory Glee Club, Dan Povenmire
Holiday Road - National Lampoon's Vacation -- Lindsey Buckingham
Why Can't We Be Friends -- Smash Mouth
Krusty Krab Pizza Song (Spongebob Remix) -- William Jacobs
Thomas Theme -- Thomas & Friends
FACK -- Eminem
FACK -- Eminem
Down Under -- Men At Work
Misirlou - Single Version -- Dick Dale and his Del-Tones
Careless Whisper -- George Michael
Ain't No Rest for the Wicked -- Cage The Elephant
Santa Diss Track -- Logan Paul
Johnny B. Goode -- Chuck Berry
Shake That -- Eminem, Nate Dogg
Shake That -- Eminem, Nate Dogg
Friend Zone (feat. Gracie Haschak) -- MattyB, Gracie Haschak
I Am A Man Of Constant Sorrow - From “O Brother, Where Art Thou” Soundtrack / Radio Station Version -- The Soggy Bottom Boys, Dan Tyminski
You Spin Me Round (Like a Record) -- Dead Or Alive
Hej Monica -- Nic & The Family
You Reposted in the Wrong Neighborhood I Glue70 Mashup -- Shokk
Mr. Sandman - 1954 #1 Billboard chart hit -- The Chordettes
Campfire Song Song -- Spongebob Squarepants
Unchained Melody -- The Righteous Brothers
My Nigga -- YG, Jeezy, Rich Homie Quan
Taylor, The Latte Boy -- Susan Egan
September -- Earth, Wind & Fire
Gays 4 Donald -- Pink Guy
Gucci Gang -- Lil Pump
S.I.M.P. (Squirrels in My Pants) -- 2 Guys n the Parque
Sanic Main Theme -- Sanic, Dr. Robotnek
Sanic Main Theme -- Sanic, Dr. Robotnek
Caught Up In You -- 38 Special
Hotel California - Remastered -- Eagles
#SELFIE -- The Chainsmokers
Teletubbies Say "Eh-Oh!" -- Teletubbies
Rap God -- Eminem
Rap God -- Eminem
Waterloo -- ABBA
Mickey Mouse Clubhouse Theme -- They Might Be Giants
All I Want for Christmas Is You -- Mariah Carey
We Are Number One -- SharaX
Danger Zone -- Kenny Loggins
Carry on Wayward Son -- Kansas
Queen of Mars -- Candace
Hit or Miss -- Jacob Sartorius
Uptown Funk -- Mark Ronson, Bruno Mars
Shots -- LMFAO, Lil Jon
Elmo's Rap Alphabet (Elmo Sings Rap Alphabet) -- Elmo
Litmas -- Jake Paul, Slim Jxmmi
Uptown Girl -- Billy Joel
Ain't Got Rhythm -- Phineas, Sherman
Bring Me To Life -- Evanescence
Bring Me To Life -- Evanescence
Always Look On The Bright Side Of Life -- Monty Python
The Best Day Ever -- Spongebob, Sandy, Mr. Krabs, Plankton & Patrick
Holding Out for a Hero -- Bonnie Tyler
Perry the Platypus Theme -- Randy Crenshaw
Where's Gary? -- Spongebob, Sandy, Mr. Krabs, Plankton & Patrick
Where's Gary? -- Spongebob, Sandy, Mr. Krabs, Plankton & Patrick
Mambo No. 5 (A Little Bit of...) -- Lou Bega
1 Thot 2 Thot Red Thot Blue Thot -- Yung Gravy
Bohemian Rhapsody -- William Shatner, John Wetton
The Boys Are Back in Town -- Thin Lizzy
Hollaback Girl -- Gwen Stefani
I Don't Fuck With You -- Big Sean, E-40
Blue (Da Ba Dee) - Gabry Ponte Ice Pop Radio -- Eiffel 65, Gabry Ponte
Nyan Cat Theme -- Nyan Cat
Vienna -- Billy Joel
Vienna -- Billy Joel
Thrift Shop -- Kidz Bop Kids
Zelda - Overworld (Instrumental Remix) (The Legend of Zelda) -- Monsalve
Take Me Home, Country Roads - Rerecorded -- John Denver
F.U.N. Song -- Spongebob Squarepants, Plankton
All Star -- Kidz Bop Kids
Burnin' Up -- Jonas Brothers
It Wasn't Me -- Shaggy, Ricardo Ducent
Goofy Goober Rock -- Spongebob Squarepants
NFL On FOX Theme -- Slumber Girlz U Rock
Cult of Personality -- Living Colour
You Make My Dreams -- Daryl Hall & John Oates
You Make My Dreams -- Daryl Hall & John Oates
Shooting Stars -- Bag Raiders
My Nemesis -- Danny Jacob
Bohemian Rhapsody - Remastered 2011 -- Queen
Livin' In The Sunlight, Lovin' In The Moon Light -- Tiny Tim
I Found A Way -- Drake Bell
SpongeBob SquarePants Theme Song -- Spongebob Squarepants
The Fresh Prince of Bel-Air -- DJ Jazzy Jeff & The Fresh Prince
The Fresh Prince of Bel-Air -- DJ Jazzy Jeff & The Fresh Prince
Theme From Jeopardy! - Think Music -- TV Sounds Unlimited
Choices (Yup) -- E-40
Spooky Scary Skeletons -- Spooky Scary Skeletons
Pokerap -- Pokémon
Circle Of Life - From "The Lion King"/Soundtrack -- Carmen Twillie, Lebo M.
Sweet Caroline - Single Version -- Neil Diamond
My Little Pony Theme Song -- Twilight Sparkle, Apple Jack, Rainbow Dash, Pinkie Pie, Rarity, Fluttershy
My Little Pony Theme Song -- Twilight Sparkle, Apple Jack, Rainbow Dash, Pinkie Pie, Rarity, Fluttershy
Dicks out for Harambe -- Rockie Gold
What Does The Fox Say -- I U 1 D C
Boogie Wonderland -- Earth, Wind & Fire, The Emotions
Ocean Man -- Ween
Soviet National Anthem (Hymne National De L'Urss) -- The Red Army Choir
Soviet National Anthem (Hymne National De L'Urss) -- The Red Army Choir
The Duck Song 3 -- Bryant Oden
Forever -- Drake, Kanye West, Lil Wayne, Eminem
Livin' la Vida Loca -- Ricky Martin
Stronger -- Kanye West
Rapper's Delight -- The Sugarhill Gang
Dancing Queen -- ABBA
SpongeBob SquarePants Theme - Movie Version -- The Pirates
SpongeBob SquarePants Theme - Movie Version -- The Pirates
I'm Lindana and I Wanna Have Fun -- Lindana
And She Was - 2005 Remastered Version -- Talking Heads
Here Comes The Sun - Remastered 2009 -- The Beatles
Stacy's Mom -- Bowling For Soup
Super Freak -- Rick James
Superstition -- Stevie Wonder
Sweatshirt -- Jacob Sartorius
Sweatshirt -- Jacob Sartorius
The Duck Song -- Bryant Oden
The Duck Song -- Bryant Oden
Super Mario Bros - Original -- Stryker Pose
Get Low -- Ying Yang Twins, Lil Jon & The East Side Boyz
KahootGm -- GraphicMuzik
KahootGm -- GraphicMuzik
Wake Me up Before You Go-Go -- Wham!
Gold Digger -- Kanye West, Jamie Foxx
My Name Is -- Eminem
Sweet Victory -- David Glen Eisley, Bob Kulick
Ebola (La La) -- Rucka Rucka Ali
Ebola (La La) -- Rucka Rucka Ali
Never Gonna Give You Up -- Rick Astley
Swimming Pools (Drank) - Extended Version -- Kendrick Lamar
Look At Me! -- XXXTENTACION
Today is Gonna be a Great Day - Theme Song to Phineas and Ferb -- Bowling For Soup
Funky Town -- Lipps Inc.
I Want You Back -- The Jackson 5
Footloose -- Kenny Loggins
Best I Ever Had -- Drake
Fuck Tha Police -- N.W.A.
Fuck Tha Police -- N.W.A.
Mii Channel (Nintendo Wii) -- The OneUps
Tunak Tunak Tun -- Daler Mehndi
Hey Jude - Remastered 2015 -- The Beatles
You've Got a Friend In Me - From "Toy Story" / Soundtrack -- Randy Newman
Deepthroat -- cupcakKe
Fuck You -- CeeLo Green
Kazoo Kid Trap - Original Mix -- Mike Diva
Straight Outta Compton - Extended Mix / Edit -- N.W.A.
Don't Stop Me Now - Remastered -- Queen
Africa -- Toto
Watch Me (Whip / Nae Nae) -- Silentó
Watch Me (Whip / Nae Nae) -- Silentó
You Snuck Your Way Right Into My Heart -- Love Händel
Mine -- Bazzi
My Heart Will Go On - Dance Mix -- Leanora
Green Trill Zone -- Sanic, Dr. Robotnek
What Is Love -- Haddaway
Hooked on a Feeling -- Blue Swede, Björn Skifs
Photograph -- Nickelback
Photograph -- Nickelback
Harlem Shake -- Baauer
Harlem Shake -- Baauer
The Real Slim Shady -- Eminem
All Star -- Smash Mouth
Baby Got Back -- Sir Mix-A-Lot
Piano Man -- Billy Joel
The Devil Went Down to Georgia -- The Charlie Daniels Band
Super Smash Bros Melee (Main Theme) -- 8-Bit Arcade
Wii Turn Up (Wii Menu Remix) -- Murcy
Wii Turn Up (Wii Menu Remix) -- Murcy
Guren No Yumiya -- Linked Horizon
Guren No Yumiya -- Linked Horizon
My Heart Will Go On - Love Theme from "Titanic" -- Céline Dion
The Joker -- Steve Miller Band
Leave It All To Me (Theme from iCarly) -- Miranda Cosgrove, Drake Bell
Leave It All To Me (Theme from iCarly) -- Miranda Cosgrove, Drake Bell
Russian National Anthem -- The Red Army Choir
Gangnam Style (강남스타일) -- PSY
U Can't Touch This -- MC Hammer
The Suite Life of Zack and Cody -- TV Tunesters
I Like To Move It -- Crazy Frog
Let It Go - From "Frozen"/Soundtrack Version -- Idina Menzel
Krusty Krab Spongebob Trap Remix Vine Theme -- William Jacobs
Krusty Krab Spongebob Trap Remix Vine Theme -- William Jacobs
Fireflies -- Owl City
Backyard Beach -- Ferb
Earth, Wind, Fire & Air -- Moon Sisters, The Nostalgia Girls
April Showers -- Proleter
X Gon' Give It To Ya -- DMX
Casin -- glue70
Crank That (Soulja Boy) -- Soulja Boy
Ghostbusters -- Ray Parker, Jr.
Carolina In My Mind -- James Taylor
Carolina In My Mind -- James Taylor
Remember The Name (feat. Styles Of Beyond) -- Fort Minor, Styles Of Beyond
Gitchee Gitchee Goo -- Phineas and the Ferbtones
Deja Vu (Initial D) -- Tsuko G.
Deja Vu (Initial D) -- Tsuko G.
Major Tom (Coming Home) -- William Shatner, Nick Valensi
Major Tom (Coming Home) -- William Shatner, Nick Valensi
We Built This City -- Starship
Jessie's Girl -- Rick Springfield
Man's Not Hot -- Big Shaq
Man's Not Hot -- Big Shaq
Freaky Friday (feat. Chris Brown) -- Lil Dicky, Chris Brown
Last Christmas -- Wham!
The Creativity Song -- Don't Hug Me I'm Scared
Hey Ya! - Radio Mix / Club Mix -- OutKast
Take On Me -- a-ha
Common People -- William Shatner
American Pie -- Don McLean
Man's Not Hot - Christmas Edition -- Big Shaq
God's Plan -- Drake
God's Plan -- Drake
Chop Suey! -- System Of A Down
We Are Number One - Instrumental Version -- 4Fate
Ok 2 B Gay -- Tomboy
Watch Me (Whip / Nae Nae) -- Kidz Bop Kids
Livin' On A Prayer -- Bon Jovi
Why Can't We Be Friends -- Smash Mouth
Krusty Krab Pizza Song (Spongebob Remix) -- William Jacobs
Come And Get Your Love -- Redbone
FACK -- Eminem
FACK -- Eminem
Everything Is AWESOME!!! -- Tegan and Sara, The Lonely Island
Down Under -- Men At Work
Ain't No Rest for the Wicked -- Cage The Elephant
Pump It -- The Black Eyed Peas
Johnny B. Goode -- Chuck Berry
Santa Diss Track -- Logan Paul
Pokemon Theme -- Pokémon
Pokemon Theme -- Pokémon
Friend Zone (feat. Gracie Haschak) -- MattyB, Gracie Haschak
Friend Zone (feat. Gracie Haschak) -- MattyB, Gracie Haschak
The Duck Song 2 -- Bryant Oden
You Spin Me Round (Like a Record) -- Dead Or Alive
You Reposted in the Wrong Neighborhood I Glue70 Mashup -- Shokk
You Reposted in the Wrong Neighborhood I Glue70 Mashup -- Shokk
Campfire Song Song -- Spongebob Squarepants
Campfire Song Song -- Spongebob Squarepants
Get Ready For This -- Crazy Frog
Taylor, The Latte Boy -- Susan Egan
My Humps -- The Black Eyed Peas
Gays 4 Donald -- Pink Guy
Theme From New York, New York -- Frank Sinatra
Gucci Gang -- Lil Pump
Rocket Man (I Think It's Going To Be A Long, Long Time) -- Elton John
Sanic Main Theme -- Sanic, Dr. Robotnek
Scatman (ski-ba-bop-ba-dop-bop) -- Scatman John
Sandstorm - Radio Edit -- Darude
Back To The Future - From "Back To The Future" Original Score/End Credits -- The Outatime Orchestra
Teletubbies Say "Eh-Oh!" -- Teletubbies
Don't You (Forget About Me) - Remastered -- Simple Minds
Axel F -- Crazy Frog
Hips Don't Lie -- Shakira, Wyclef Jean
Hips Don't Lie -- Shakira, Wyclef Jean
We Are Number One -- SharaX
All I Want for Christmas Is You -- Mariah Carey
Carry on Wayward Son -- Kansas
Carry on Wayward Son -- Kansas
Everything is Not What it Seems - Theme Song to Wizards of Waverly Place -- Selena Gomez
Come Together -- Aerosmith
PPAP (Pen Pineapple Apple Pen) - Long Version -- PIKOTARO
Uptown Funk -- Mark Ronson, Bruno Mars
Stfu -- Pink Guy
Kung Fu Fighting -- Carl Douglas
Uptown Girl -- Billy Joel
Uptown Girl -- Billy Joel
Bring Me To Life -- Evanescence
The X-Files -- The City of Prague Philharmonic Orchestra
The Best Day Ever -- Spongebob, Sandy, Mr. Krabs, Plankton & Patrick
Bad Moon Rising -- Creedence Clearwater Revival
Holding Out for a Hero -- Bonnie Tyler
Holding Out for a Hero -- Bonnie Tyler
Ni**a Ni**a Ni**a -- Gangsta Rap
Where's Gary? -- Spongebob, Sandy, Mr. Krabs, Plankton & Patrick
Mambo No. 5 (A Little Bit of...) -- Lou Bega
Mambo No. 5 (A Little Bit of...) -- Lou Bega
Feel Good Inc -- Gorillaz
Bohemian Rhapsody -- William Shatner, John Wetton
I Don't Fuck With You -- Big Sean, E-40
Somebody's Watching Me - Single Version -- Rockwell
Nyan Cat Theme -- Nyan Cat
Blue (Da Ba Dee) - Gabry Ponte Ice Pop Radio -- Eiffel 65, Gabry Ponte
Scatman's World -- Scatman John
Have You Ever Seen The Rain? -- Creedence Clearwater Revival
Thrift Shop -- Kidz Bop Kids
Jizz In My Pants -- The Lonely Island
Take Me Home, Country Roads - Rerecorded -- John Denver
Take Me Home, Country Roads - Rerecorded -- John Denver
All Star -- Kidz Bop Kids
I'm A Believer - Radio Edit -- Smash Mouth
It Wasn't Me -- Shaggy, Ricardo Ducent
Goofy Goober Rock -- Spongebob Squarepants
Dora The Explorer Party Mix (including "Dora The Explorer Theme" & "Travel Song") -- Dora The Explorer
Who Let The Dogs Out -- Baha Men
In The Air Tonight - 2015 Remastered -- Phil Collins
You Make My Dreams -- Daryl Hall & John Oates
Shooting Stars -- Bag Raiders
Shooting Stars -- Bag Raiders
Bohemian Rhapsody - Remastered 2011 -- Queen
Barbie Girl -- Aqua
SpongeBob SquarePants Theme Song -- Spongebob Squarepants
SpongeBob SquarePants Theme Song -- Spongebob Squarepants
Paradise City -- Guns N' Roses
Run Away - Radio Edit -- Sunstroke Project, Olia Tira
Loser -- Beck
Turn Down For What - From "Alvin And The Chipmunks: The Road Chip" Soundtrack -- Alvin & The Chipmunks
Spooky Scary Skeletons -- Spooky Scary Skeletons
Why You Always Lying? -- Nicholas Fraser
Circle Of Life - From "The Lion King"/Soundtrack -- Carmen Twillie, Lebo M.
Sexy And I Know It -- LMFAO
My Little Pony Theme Song -- Twilight Sparkle, Apple Jack, Rainbow Dash, Pinkie Pie, Rarity, Fluttershy
Welcome To Your Life -- Grouplove
Every Breath You Take - Remastered 2003 -- The Police
Dicks out for Harambe -- Rockie Gold
Boogie Wonderland -- Earth, Wind & Fire, The Emotions
Ocean Man -- Ween
Soviet National Anthem (Hymne National De L'Urss) -- The Red Army Choir
Soviet National Anthem (Hymne National De L'Urss) -- The Red Army Choir
Only Time -- Enya
The Duck Song 3 -- Bryant Oden
Livin' la Vida Loca -- Ricky Martin
Clint Eastwood -- Gorillaz
1812 Overture -- Pyotr Ilyich Tchaikovsky, Royal Philharmonic Orchestra, Philip Ellis
Dancing Queen -- ABBA
The Fox (What Does The Fox Say?) -- Ylvis
SpongeBob SquarePants Theme - Movie Version -- The Pirates
(I Just) Died In Your Arms -- Cutting Crew
Through The Fire And Flames -- DragonForce
Stacy's Mom -- Bowling For Soup
Stacy's Mom -- Bowling For Soup
Y.M.C.A. -- Village People
Y.M.C.A. -- Village People
Convoy -- C.W. McCall
Convoy -- C.W. McCall
Get Lucky (feat. Pharrell Williams & Nile Rodgers) - Radio Edit -- Daft Punk, Pharrell Williams, Nile Rodgers
The Duck Song -- Bryant Oden
Super Mario Bros - Original -- Stryker Pose
Get Low -- Ying Yang Twins, Lil Jon & The East Side Boyz
Waving My Dick In The Wind -- Ween
KahootGm -- GraphicMuzik
Gold Digger -- Kanye West, Jamie Foxx
Gold Digger -- Kanye West, Jamie Foxx
Gillette -- 199X, Dr DisRespect
My Name Is -- Eminem
Back In Black -- AC/DC
Back In Black -- AC/DC
Rape Me -- Nirvana
Never Gonna Give You Up -- Rick Astley
Sweet Dreams (Are Made of This) - Remastered -- Eurythmics
Sweet Dreams (Are Made of This) - Remastered -- Eurythmics
Funky Town -- Lipps Inc.
Heyyeyaaeyaaaeyaeyaa (Fabulous Secret Powers) -- SLACKCiRCUS
Don't Stop Believin' -- Journey
Shia LaBeouf Live -- Rob Cantor
Smoke Weed Everyday (feat. Diezel) -- Trick Trick, Diezel
Fuck Tha Police -- N.W.A.
Mii Channel (Nintendo Wii) -- The OneUps
Tunak Tunak Tun -- Daler Mehndi
I'm On A Boat -- The Lonely Island, T-Pain
I'm On A Boat -- The Lonely Island, T-Pain
Immigrant Song -- Led Zeppelin
It's Everyday Bro -- Jake Paul, Team 10
Kazoo Kid Trap - Original Mix -- Mike Diva
Straight Outta Compton - Extended Mix / Edit -- N.W.A.
Don't Stop Me Now - Remastered -- Queen
Africa -- Toto
Milkshake - Radio Mix -- Kelis
Move Bitch -- Disturbing Tha Peace, Ludacris, Mystikal, I-20
I'm Gonna Be (500 Miles) -- The Proclaimers
Stranger Things -- Kyle Dixon & Michael Stein
The Final Countdown -- Europe
My Heart Will Go On - Dance Mix -- Leanora
What Is Love -- Haddaway
Mad World (Feat. Michael Andrews) -- Gary Jules, Michael Andrews
The Simpsons Main Title Theme -- The Simpsons
The Simpsons Main Title Theme -- The Simpsons
Harlem Shake -- Baauer
Nickelodeon Girls -- Pink Guy
All Star -- Smash Mouth
Oh Uganda, Land of Beauty (National Anthem of Uganda) -- Star Dreams Electric Studio Orchestra
Piano Man -- Billy Joel
We Are The Champions -- Queen
Stand By Me -- Ben E. King
Super Smash Bros Melee (Main Theme) -- 8-Bit Arcade
Wii Turn Up (Wii Menu Remix) -- Murcy
In The Air Tonight -- Phil Collins
4 for 4$ -- at Wendys
Hungry Like The Wolf - 2009 Remastered Version -- Duran Duran
Good Riddance (Time of Your Life) -- Green Day
My Heart Will Go On - Love Theme from "Titanic" -- Céline Dion
Law and Order: Theme From Law and Order -- TV Theme Song Library
Buddy Holly -- Weezer
Russian National Anthem -- The Red Army Choir
Russian National Anthem -- The Red Army Choir
Sweet Child O' Mine -- Guns N' Roses
Sweet Child O' Mine -- Guns N' Roses
Let It Go - From "Frozen"/Soundtrack Version -- Idina Menzel
Dat Boi (O Shit Waddup!) -- Dj Cutman
I Just Had Sex -- The Lonely Island, Akon
Krusty Krab Spongebob Trap Remix Vine Theme -- William Jacobs
Basic Thugonomics -- John Cena, WWE
Fireflies -- Owl City
Pumped Up Kicks -- Foster The People
We like to Party! (The Vengabus) -- Vengaboys
Run Away With Me -- Carly Rae Jepsen
Pirates of the Caribbean (Main Theme) -- The Intermezzo Orchestra
You Give Love A Bad Name -- Bon Jovi
Ghostbusters -- Ray Parker, Jr.
Gary's Song -- Spongebob Squarepants
Gary's Song -- Spongebob Squarepants
Seinfeld -- TV Themes
Remember The Name (feat. Styles Of Beyond) -- Fort Minor, Styles Of Beyond
Deja Vu (Initial D) -- Tsuko G.
Deja Vu (Initial D) -- Tsuko G.
Stayin' Alive - From "Saturday Night Fever" Soundtrack -- Bee Gees
I Am A Gummy Bear (English) -- Gummibär
We Built This City -- Starship
Jessie's Girl -- Rick Springfield
Blue (Da Ba Dee) -- Kidz Bop Kids
A Horse with No Name -- America
Rasputin -- Turisas
Cotton Eye Joe -- Rednex
Axel F - Radio Mix -- Crazy Frog
Hey Ya! - Radio Mix / Club Mix -- OutKast
Такого как путин -- Poyushchie vmeste
Take On Me -- a-ha
Hollywood Nights -- Bob Seger
Hollywood Nights -- Bob Seger
Dragostea Din Tei - Original Italian Version -- O-Zone
Dragostea Din Tei - Original Italian Version -- O-Zone
Chop Suey! -- System Of A Down
We Are Number One - Instrumental Version -- 4Fate
La de Da de Da de Da de Day Oh -- Bill Wurtz
Ok 2 B Gay -- Tomboy
Why Can't We Be Friends -- Smash Mouth
Livin' On A Prayer -- Bon Jovi
Lose Yourself - Soundtrack Version -- Eminem
Lose Yourself - Soundtrack Version -- Eminem
I'll Be There For You [Theme From FRIENDS] (45 version) -- The Rembrandts
Till I Collapse -- Eminem, Nate Dogg
Everything Is AWESOME!!! -- Tegan and Sara, The Lonely Island
Everything Is AWESOME!!! -- Tegan and Sara, The Lonely Island
Careless Whisper -- George Michael
Careless Whisper -- George Michael
Like A Boss -- The Lonely Island
Johnny B. Goode -- Chuck Berry
Pokemon Theme -- Pokémon
Peanut Butter Jelly Time - Radio -- Chip-man & The Buckwheat Boyz
I Am A Man Of Constant Sorrow - From “O Brother, Where Art Thou” Soundtrack / Radio Station Version -- The Soggy Bottom Boys, Dan Tyminski
I Am A Man Of Constant Sorrow - From “O Brother, Where Art Thou” Soundtrack / Radio Station Version -- The Soggy Bottom Boys, Dan Tyminski
You Spin Me Round (Like a Record) -- Dead Or Alive
Roxanne -- The Police
You Reposted in the Wrong Neighborhood I Glue70 Mashup -- Shokk
Mr. Sandman - 1954 #1 Billboard chart hit -- The Chordettes
Campfire Song Song -- Spongebob Squarepants
Hard Knock Life (Ghetto Anthem) -- The Academy Allstars
Taylor, The Latte Boy -- Susan Egan
Taylor, The Latte Boy -- Susan Egan
September -- Earth, Wind & Fire
September -- Earth, Wind & Fire
S.I.M.P. (Squirrels in My Pants) -- 2 Guys n the Parque
Gucci Gang -- Lil Pump
Rocket Man (I Think It's Going To Be A Long, Long Time) -- Elton John
Dick In A Box -- The Lonely Island, Justin Timberlake
Scatman (ski-ba-bop-ba-dop-bop) -- Scatman John
Sandstorm - Radio Edit -- Darude
Teletubbies Say "Eh-Oh!" -- Teletubbies
Teletubbies Say "Eh-Oh!" -- Teletubbies
Spear of Justice -- Toby Fox
Axel F -- Crazy Frog
Waterloo -- ABBA
Waterloo -- ABBA
I Am Your Gummy Bear (The Gummy Bear Song) -- Gummibär
We Are Number One -- SharaX
Danger Zone -- Kenny Loggins
Danger Zone -- Kenny Loggins
Everything is Not What it Seems - Theme Song to Wizards of Waverly Place -- Selena Gomez
Queen of Mars -- Candace
Shots -- LMFAO, Lil Jon
PPAP (Pen Pineapple Apple Pen) - Long Version -- PIKOTARO
Litmas -- Jake Paul, Slim Jxmmi
Litmas -- Jake Paul, Slim Jxmmi
Ain't Got Rhythm -- Phineas, Sherman
Uptown Girl -- Billy Joel
Bring Me To Life -- Evanescence
The Chipmunk Song (Christmas Don't Be Late) - Remastered 1999 -- Alvin & The Chipmunks, David Seville
Always Look On The Bright Side Of Life -- Monty Python
Rebel Yell - 1999 - Remaster -- Billy Idol
Holding Out for a Hero -- Bonnie Tyler
Perry the Platypus Theme -- Randy Crenshaw
Bonito -- Jarabe De Palo
Ni**a Ni**a Ni**a -- Gangsta Rap
Christmas In Heaven -- Monty Python
Mambo No. 5 (A Little Bit of...) -- Lou Bega
Bohemian Rhapsody -- William Shatner, John Wetton
Bohemian Rhapsody -- William Shatner, John Wetton
Somebody's Watching Me - Single Version -- Rockwell
I'm Alright - Theme from "Caddyshack" -- Kenny Loggins
Blue (Da Ba Dee) - Gabry Ponte Ice Pop Radio -- Eiffel 65, Gabry Ponte
Nyan Cat Theme -- Nyan Cat
Beat It - Single Version -- Michael Jackson
Beat It - Single Version -- Michael Jackson
Thrift Shop -- Kidz Bop Kids
Jizz In My Pants -- The Lonely Island
Take Me Home, Country Roads - Rerecorded -- John Denver
F.U.N. Song -- Spongebob Squarepants, Plankton
All Star -- Kidz Bop Kids
I'm A Believer - Radio Edit -- Smash Mouth
It Wasn't Me -- Shaggy, Ricardo Ducent
Goofy Goober Rock -- Spongebob Squarepants
Dora The Explorer Party Mix (including "Dora The Explorer Theme" & "Travel Song") -- Dora The Explorer
Who Let The Dogs Out -- Baha Men
Gummy Style -- Gummibär
Gummy Style -- Gummibär
Show Me Your Genitals -- Jon Lajoie
Shooting Stars -- Bag Raiders
Barbie Girl -- Aqua
Barbie Girl -- Aqua
Reading Rainbow Theme Song -- Reading Rainbow
SpongeBob SquarePants Theme Song -- Spongebob Squarepants
The Fresh Prince of Bel-Air -- DJ Jazzy Jeff & The Fresh Prince
The Fresh Prince of Bel-Air -- DJ Jazzy Jeff & The Fresh Prince
Theme From Jeopardy! - Think Music -- TV Sounds Unlimited
Turn Down For What - From "Alvin And The Chipmunks: The Road Chip" Soundtrack -- Alvin & The Chipmunks
Pokerap -- Pokémon
Spooky Scary Skeletons -- Spooky Scary Skeletons
Sweet Caroline - Single Version -- Neil Diamond
New Bibi-Hendl (Extended Dance-Version) -- Takeo Ischi
Every Sperm Is Sacred -- Monty Python
Every Sperm Is Sacred -- Monty Python
Really Nice Day - Soundtrack -- Eric Idle, John Du Prez
Really Nice Day - Soundtrack -- Eric Idle, John Du Prez
Ocean Man -- Ween
Ocean Man -- Ween
Soviet National Anthem (Hymne National De L'Urss) -- The Red Army Choir
Soviet National Anthem (Hymne National De L'Urss) -- The Red Army Choir
Roundabout - Remastered Version -- Yes
Roundabout - Remastered Version -- Yes
Livin' la Vida Loca -- Ricky Martin
Eat It -- "Weird Al" Yankovic
1812 Overture -- Pyotr Ilyich Tchaikovsky, Royal Philharmonic Orchestra, Philip Ellis
1812 Overture -- Pyotr Ilyich Tchaikovsky, Royal Philharmonic Orchestra, Philip Ellis
The Fox (What Does The Fox Say?) -- Ylvis
SpongeBob SquarePants Theme - Movie Version -- The Pirates
Through The Fire And Flames -- DragonForce
Through The Fire And Flames -- DragonForce
DONTTRUSTME -- 3OH!3
SpongeBob SquarePants Theme -- Avril Lavigne
Y.M.C.A. -- Village People
Y.M.C.A. -- Village People
Rocket Man -- William Shatner, Steve Hillage
Convoy -- C.W. McCall
The Duck Song -- Bryant Oden
The Duck Song -- Bryant Oden
Bed Intruder Song -- Antoine dodson & The Gregory Brothers, Antoine Dodson, The Gregory Brothers
Bed Intruder Song -- Antoine dodson & The Gregory Brothers, Antoine Dodson, The Gregory Brothers
Waving My Dick In The Wind -- Ween
Waving My Dick In The Wind -- Ween
Wake Me up Before You Go-Go -- Wham!
Ain't No Mountain High Enough -- Marvin Gaye, Tammi Terrell
Sweet Victory -- David Glen Eisley, Bob Kulick
Sweet Victory -- David Glen Eisley, Bob Kulick
S.O.S. -- Jonas Brothers
S.O.S. -- Jonas Brothers
Never Gonna Give You Up -- Rick Astley
Never Gonna Give You Up -- Rick Astley
Rockaway Beach - Remastered Version -- Ramones
Rockaway Beach - Remastered Version -- Ramones
Heyyeyaaeyaaaeyaeyaa (Fabulous Secret Powers) -- SLACKCiRCUS
Funky Town -- Lipps Inc.
Shia LaBeouf Live -- Rob Cantor
Footloose -- Kenny Loggins
Nippon Manjyuu -- LADYBABY
Nippon Manjyuu -- LADYBABY
Tunak Tunak Tun -- Daler Mehndi
Wuthering Heights -- Kate Bush
I'm On A Boat -- The Lonely Island, T-Pain
You've Got a Friend In Me - From "Toy Story" / Soundtrack -- Randy Newman
Deepthroat -- cupcakKe
It's Everyday Bro -- Jake Paul, Team 10
Kazoo Kid Trap - Original Mix -- Mike Diva
Badger Badger Badger -- Mr Weebl
Africa -- Toto
Africa -- Toto
Milkshake - Radio Mix -- Kelis
Narwhals -- Mr Weebl
I'm Gonna Be (500 Miles) -- The Proclaimers
I'm Gonna Be (500 Miles) -- The Proclaimers
The Final Countdown -- Europe
The Final Countdown -- Europe
What Is Love -- Haddaway
Hooked on a Feeling -- Blue Swede, Björn Skifs
PONPONPON -- Kyary Pamyu Pamyu
PONPONPON -- Kyary Pamyu Pamyu
Fruit Salad -- The Wiggles
Fruit Salad -- The Wiggles
All Star -- Smash Mouth
All Star -- Smash Mouth
Baby Got Back -- Sir Mix-A-Lot
Piano Man -- Billy Joel
Spiderman -- T.V Themes
The Devil Went Down to Georgia -- The Charlie Daniels Band
Galaxy Song -- Monty Python
Motherlover -- The Lonely Island, Justin Timberlake
Guren No Yumiya -- Linked Horizon
Guren No Yumiya -- Linked Horizon
It's Raining Men -- The Weather Girls
It's Raining Men -- The Weather Girls
Penis Song (Not The Noel Coward Song) -- Monty Python
Penis Song (Not The Noel Coward Song) -- Monty Python
Russian National Anthem -- The Red Army Choir
Gangnam Style (강남스타일) -- PSY
U Can't Touch This -- MC Hammer
U Can't Touch This -- MC Hammer
I Like To Move It -- Crazy Frog
I Like To Move It -- Crazy Frog
I Just Had Sex -- The Lonely Island, Akon
I Just Had Sex -- The Lonely Island, Akon
Cantina Band - From "Star Wars: A New Hope" -- London Voices, London Symphony Orchestra, John Williams, New London Children's Choir
Fireflies -- Owl City
We like to Party! (The Vengabus) -- Vengaboys
We like to Party! (The Vengabus) -- Vengaboys
X Gon' Give It To Ya -- DMX
X Gon' Give It To Ya -- DMX
Crank That (Soulja Boy) -- Soulja Boy
Ghostbusters -- Ray Parker, Jr.
Bodies -- Drowning Pool
Bodies -- Drowning Pool
Seinfeld -- TV Themes
Seinfeld -- TV Themes
Party In The U.S.A. -- Miley Cyrus
Party In The U.S.A. -- Miley Cyrus
Big Enough -- Kirin J Callinan, Alex Cameron, Molly Lewis, Jimmy Barnes
I Am A Gummy Bear (English) -- Gummibär
Jessie's Girl -- Rick Springfield
Jessie's Girl -- Rick Springfield
Man's Not Hot -- Big Shaq
Blue (Da Ba Dee) -- Kidz Bop Kids
Rasputin -- Turisas
Cotton Eye Joe -- Rednex
The Creativity Song -- Don't Hug Me I'm Scared
Axel F - Radio Mix -- Crazy Frog
Такого как путин -- Poyushchie vmeste
Такого как путин -- Poyushchie vmeste
Man's Not Hot - Christmas Edition -- Big Shaq
Man's Not Hot - Christmas Edition -- Big Shaq
Dragostea Din Tei - Original Italian Version -- O-Zone
The Jellyfish Song (Music Box Version) -- Kleonlumi
Chop Suey! -- System Of A Down
We Are Number One - Instrumental Version -- 4Fate
Watch Me (Whip / Nae Nae) -- Kidz Bop Kids
La de Da de Da de Da de Day Oh -- Bill Wurtz
Trololo Song -- Mr. Trololo
Why Can't We Be Friends -- Smash Mouth
Thomas Theme -- Thomas & Friends
Thomas Theme -- Thomas & Friends
Bill Nye the Science Guy -- Mr Dooves
Bill Nye the Science Guy -- Mr Dooves
Everything Is AWESOME!!! -- Tegan and Sara, The Lonely Island
Down Under -- Men At Work
Careless Whisper -- George Michael
Careless Whisper -- George Michael
Loop de Loop -- Ween
Santa Diss Track -- Logan Paul
Pokemon Theme -- Pokémon
Big Time Rush -- Big Time Rush
I Am A Man Of Constant Sorrow - From “O Brother, Where Art Thou” Soundtrack / Radio Station Version -- The Soggy Bottom Boys, Dan Tyminski
Friend Zone (feat. Gracie Haschak) -- MattyB, Gracie Haschak
You Spin Me Round (Like a Record) -- Dead Or Alive
You Spin Me Round (Like a Record) -- Dead Or Alive
You Reposted in the Wrong Neighborhood I Glue70 Mashup -- Shokk
We're All In This Together -- High School Musical Cast
Campfire Song Song -- Spongebob Squarepants
Campfire Song Song -- Spongebob Squarepants
Please Stop Calling Me Gay -- Pink Guy
Taylor, The Latte Boy -- Susan Egan
September -- Earth, Wind & Fire
Majora's Mask - Overworld/Termina Field (Instrumental Remix) (The Legend of Zelda) -- Monsalve
Theme From New York, New York -- Frank Sinatra
Gucci Gang -- Lil Pump
Sanic Main Theme -- Sanic, Dr. Robotnek
Rocket Man (I Think It's Going To Be A Long, Long Time) -- Elton John
School -- Bill Wurtz
Sandstorm - Radio Edit -- Darude
Young, Wild & Free (feat. Bruno Mars) -- Snoop Dogg, Wiz Khalifa, Bruno Mars
Teletubbies Say "Eh-Oh!" -- Teletubbies
Don't You (Forget About Me) - Remastered -- Simple Minds
Rap God -- Eminem
All Day -- Wiz Khalifa, John Cena
Waterloo -- ABBA
All I Want for Christmas Is You -- Mariah Carey
Get on Your Feet -- Gloria Estefan
Sunglasses At Night -- Corey Hart
Danger Zone -- Kenny Loggins
Everything is Not What it Seems - Theme Song to Wizards of Waverly Place -- Selena Gomez
Hit or Miss -- Jacob Sartorius
Uptown Funk -- Mark Ronson, Bruno Mars
PPAP (Pen Pineapple Apple Pen) - Long Version -- PIKOTARO
Kung Fu Fighting -- Carl Douglas
Stfu -- Pink Guy
Gonna Fly Now - Theme From "Rocky" / Remastered -- Bill Conti
Uptown Girl -- Billy Joel
Opening Suite -- Martin O'Donnell, Michael Salvatori
The X-Files -- The City of Prague Philharmonic Orchestra
The Best Day Ever -- Spongebob, Sandy, Mr. Krabs, Plankton & Patrick
Cold Hard Bitch -- Jet
Not Afraid -- Eminem
Perry the Platypus Theme -- Randy Crenshaw
Ni**a Ni**a Ni**a -- Gangsta Rap
Ni**a Ni**a Ni**a -- Gangsta Rap
1 Thot 2 Thot Red Thot Blue Thot -- Yung Gravy
I Want To Know What Love Is - Remastered -- Foreigner
Feel Good Inc -- Gorillaz
The Boys Are Back in Town -- Thin Lizzy
Hollaback Girl -- Gwen Stefani
Three More Weeks -- Elevator To Hell
Nyan Cat Theme -- Nyan Cat
Disco Miniature Golfing Queen -- Laura Dickinson
Beat It - Single Version -- Michael Jackson
Have You Ever Seen The Rain? -- Creedence Clearwater Revival
Jizz In My Pants -- The Lonely Island
Zelda - Overworld (Instrumental Remix) (The Legend of Zelda) -- Monsalve
Sweater Song -- Spongebob Squarepants
F.U.N. Song -- Spongebob Squarepants, Plankton
Burnin' Up -- Jonas Brothers
Wouldn't It Be Nice - Stereo Mix -- The Beach Boys
Goofy Goober Rock -- Spongebob Squarepants
Sad Romance (A.K.A. Sad Violin) -- Ji Pyeong Kwon
NFL On FOX Theme -- Slumber Girlz U Rock
Who Let The Dogs Out -- Baha Men
In The Air Tonight - 2015 Remastered -- Phil Collins
Still -- Geto Boys
Shooting Stars -- Bag Raiders
Shooting Stars -- Bag Raiders
Bohemian Rhapsody - Remastered 2011 -- Queen
Livin' In The Sunlight, Lovin' In The Moon Light -- Tiny Tim
I Found A Way -- Drake Bell
Reading Rainbow Theme Song -- Reading Rainbow
The Fresh Prince of Bel-Air -- DJ Jazzy Jeff & The Fresh Prince
Down On Me -- Jeremih, 50 Cent
Theme From Jeopardy! - Think Music -- TV Sounds Unlimited
And She Was [E.T. Version] (45 Version) -- Talking Heads
Why You Always Lying? -- Nicholas Fraser
Hyrule Castle from "The Legend of Zelda: Breath Of The Wild" Video Game -- L'Orchestra Cinematique
Sexy And I Know It -- LMFAO
Sweet Caroline - Single Version -- Neil Diamond
My Little Pony Theme Song -- Twilight Sparkle, Apple Jack, Rainbow Dash, Pinkie Pie, Rarity, Fluttershy
Welcome To Your Life -- Grouplove
Dicks out for Harambe -- Rockie Gold
I Got You (I Feel Good) -- James Brown & The Famous Flames
Ocean Man -- Ween
Ocean Man -- Ween
Movie Star -- Bill Wurtz
Soviet National Anthem (Hymne National De L'Urss) -- The Red Army Choir
Harder Better Faster Stronger -- Daft Punk
Only Time -- Enya
Stronger -- Kanye West
Livin' la Vida Loca -- Ricky Martin
Dancing Queen -- ABBA
Summer Of '69 -- Bryan Adams
The Fox (What Does The Fox Say?) -- Ylvis
SpongeBob SquarePants Theme - Movie Version -- The Pirates
(I Just) Died In Your Arms -- Cutting Crew
And She Was - 2005 Remastered Version -- Talking Heads
Here Comes The Sun - Remastered 2009 -- The Beatles
Stacy's Mom -- Bowling For Soup
Forgot About Dre -- Dr. Dre, Eminem
Y.M.C.A. -- Village People
Sweatshirt -- Jacob Sartorius
Sweatshirt -- Jacob Sartorius
Get Lucky (feat. Pharrell Williams & Nile Rodgers) - Radio Edit -- Daft Punk, Pharrell Williams, Nile Rodgers
Talk Dirty (feat. 2 Chainz) -- Jason Derulo, 2 Chainz
Super Mario Bros - Original -- Stryker Pose
Let's Get It Started - Spike Mix -- The Black Eyed Peas
Waving My Dick In The Wind -- Ween
KahootGm -- GraphicMuzik
Gold Digger -- Kanye West, Jamie Foxx
Wake Me up Before You Go-Go -- Wham!
My Name Is -- Eminem
Blackout -- Breathe Carolina
Phinedroids and Ferbots -- Phinedroids and Ferbots
Far Away -- Tomppabeats
Swimming Pools (Drank) - Extended Version -- Kendrick Lamar
Never Gonna Give You Up -- Rick Astley
Sweet Dreams (Are Made of This) - Remastered -- Eurythmics
Look At Me! -- XXXTENTACION
The Batman Theme -- Danny Elfman
Funky Town -- Lipps Inc.
Don't Stop Believin' -- Journey
Shia LaBeouf Live -- Rob Cantor
Ripped Pants -- Spongebob Squarepants
Fuck Tha Police -- N.W.A.
Mii Channel (Nintendo Wii) -- The OneUps
Asian Jake Paul -- iDubbbz, Boyinaband
Let's Get It On -- Marvin Gaye
You've Got a Friend In Me - From "Toy Story" / Soundtrack -- Randy Newman
Deepthroat -- cupcakKe
Immigrant Song -- Led Zeppelin
Straight Outta Compton - Extended Mix / Edit -- N.W.A.
Kazoo Kid Trap - Original Mix -- Mike Diva
Don't Stop Me Now - Remastered -- Queen
Africa -- Toto
Move Bitch -- Disturbing Tha Peace, Ludacris, Mystikal, I-20
Narwhals -- Mr Weebl
Hungry Like The Wolf -- Duran Duran
You Snuck Your Way Right Into My Heart -- Love Händel
Green Trill Zone -- Sanic, Dr. Robotnek
Alphabet Shuffle -- Bill Wurtz
What Is Love -- Haddaway
Mad World (Feat. Michael Andrews) -- Gary Jules, Michael Andrews
Twitter Fingers -- at Wendys
The Simpsons Main Title Theme -- The Simpsons
Nickelodeon Girls -- Pink Guy
Fruit Salad -- The Wiggles
The Real Slim Shady -- Eminem
All Star -- Smash Mouth
Piano Man -- Billy Joel
Baby Got Back -- Sir Mix-A-Lot
Super Smash Bros Melee (Main Theme) -- 8-Bit Arcade
Super Smash Bros Melee (Main Theme) -- 8-Bit Arcade
In The Air Tonight -- Phil Collins
The Best of Both Worlds - From "Hannah Montana"/Soundtrack Version -- Hannah Montana
4 for 4$ -- at Wendys
Believe -- Cher
Good Riddance (Time of Your Life) -- Green Day
Good Riddance (Time of Your Life) -- Green Day
Leave It All To Me (Theme from iCarly) -- Miranda Cosgrove, Drake Bell
Penis Song (Not The Noel Coward Song) -- Monty Python
The Time Is Now (John Cena) -- John Cena, Tha Trademarc, WWE
Russian National Anthem -- The Red Army Choir
Ni**as In Paris -- JAY Z, Kanye West
The Suite Life of Zack and Cody -- TV Tunesters
Dat Boi (O Shit Waddup!) -- Dj Cutman
Let It Go - From "Frozen"/Soundtrack Version -- Idina Menzel
Bye Bye Bye -- *NSYNC
Mr. Blue Sky -- Electric Light Orchestra
Epic Sax Guy -- S. Stepanov
Cantina Band - From "Star Wars: A New Hope" -- London Voices, London Symphony Orchestra, John Williams, New London Children's Choir
Pumped Up Kicks -- Foster The People
Dream On -- Aerosmith
Pirates of the Caribbean (Main Theme) -- The Intermezzo Orchestra
X Gon' Give It To Ya -- DMX
The Office Theme -- Michael Scott Fan Club
Crank That (Soulja Boy) -- Soulja Boy
Phil Of The Future Theme -- The Hit Crew
Gary's Song -- Spongebob Squarepants
Like An Enderman -- ThnxCya
Do Nothing Day -- Candace, Jeremy
Party In The U.S.A. -- Miley Cyrus
Mind Heist -- Zack Hemsey
Major Tom (Coming Home) -- William Shatner, Nick Valensi
Stayin' Alive - From "Saturday Night Fever" Soundtrack -- Bee Gees
We Built This City -- Starship
Jessie's Girl -- Rick Springfield
Man's Not Hot -- Big Shaq
Man's Not Hot -- Big Shaq
Rasputin -- Turisas
Cotton Eye Joe -- Rednex
Closing Time -- Semisonic
E.V.I.L. B.O.Y.S. -- Candace
Take On Me -- a-ha
My Neck, My Back (Lick It) - Street/Club Version -- Khia
Man's Not Hot - Christmas Edition -- Big Shaq
Hollywood Nights -- Bob Seger
The Avengers -- Alan Silvestri
Happy Together -- The Turtles
Small Dick -- Pink Guy
Outside -- Bill Wurtz
Let's Go (feat. Ne-Yo) -- Calvin Harris, Ne-Yo
Chains on Me -- The Smile Away Reformatory Glee Club, Dan Povenmire
Why Can't We Be Friends -- Smash Mouth
Brandy (You're a Fine Girl) -- Looking Glass
Thomas Theme -- Thomas & Friends
Krusty Krab Pizza Song (Spongebob Remix) -- William Jacobs
Till I Collapse -- Eminem, Nate Dogg
I'll Be There For You [Theme From FRIENDS] (45 version) -- The Rembrandts
Down Under -- Men At Work
Working for the Weekend -- Loverboy
Ain't No Rest for the Wicked -- Cage The Elephant
Ncis Theme -- Numeriklab
Santa Diss Track -- Logan Paul
Like A Boss -- The Lonely Island
Peanut Butter Jelly Time - Radio -- Chip-man & The Buckwheat Boyz
Pokemon Theme -- Pokémon
The One and Only -- Chesney Hawkes
Friend Zone (feat. Gracie Haschak) -- MattyB, Gracie Haschak
You Spin Me Round (Like a Record) -- Dead Or Alive
Roxanne -- The Police
You Reposted in the Wrong Neighborhood I Glue70 Mashup -- Shokk
Mr. Sandman - 1954 #1 Billboard chart hit -- The Chordettes
Campfire Song Song -- Spongebob Squarepants
Hard Knock Life (Ghetto Anthem) -- The Academy Allstars
My Nigga -- YG, Jeezy, Rich Homie Quan
Please Stop Calling Me Gay -- Pink Guy
My Humps -- The Black Eyed Peas
September -- Earth, Wind & Fire
Chariots Of Fire -- Vangelis
Gucci Gang -- Lil Pump
Rocket Man (I Think It's Going To Be A Long, Long Time) -- Elton John
Yeah! -- Usher, Lil Jon, Ludacris
Scatman (ski-ba-bop-ba-dop-bop) -- Scatman John
Sandstorm - Radio Edit -- Darude
Back To The Future - From "Back To The Future" Original Score/End Credits -- The Outatime Orchestra
Young, Wild & Free (feat. Bruno Mars) -- Snoop Dogg, Wiz Khalifa, Bruno Mars
Axel F -- Crazy Frog
Spear of Justice -- Toby Fox
Hips Don't Lie -- Shakira, Wyclef Jean
All Day -- Wiz Khalifa, John Cena
I Am Your Gummy Bear (The Gummy Bear Song) -- Gummibär
We Are Number One -- SharaX
Oh Yeah - Remastered 2005 -- Yello
Danger Zone -- Kenny Loggins
Ima Boss - feat. Rick Ross -- Meek Mill, Rick Ross
Come Together -- Aerosmith
Threw It On The Ground -- The Lonely Island
Uptown Funk -- Mark Ronson, Bruno Mars
Stfu -- Pink Guy
Kung Fu Fighting -- Carl Douglas
Gonna Fly Now - Theme From "Rocky" / Remastered -- Bill Conti
Ain't Got Rhythm -- Phineas, Sherman
The X-Files -- The City of Prague Philharmonic Orchestra
Bring Me To Life -- Evanescence
Always Look On The Bright Side Of Life -- Monty Python
The Best Day Ever -- Spongebob, Sandy, Mr. Krabs, Plankton & Patrick
Perry the Platypus Theme -- Randy Crenshaw
Holding Out for a Hero -- Bonnie Tyler
Ni**a Ni**a Ni**a -- Gangsta Rap
Where's Gary? -- Spongebob, Sandy, Mr. Krabs, Plankton & Patrick
Mambo No. 5 (A Little Bit of...) -- Lou Bega
Ridin' -- Chamillionaire, Krayzie Bone
Bohemian Rhapsody -- William Shatner, John Wetton
Feel Good Inc -- Gorillaz
Somebody's Watching Me - Single Version -- Rockwell
Hollaback Girl -- Gwen Stefani
More Than A Feeling -- Boston
Nyan Cat Theme -- Nyan Cat
Beat It - Single Version -- Michael Jackson
Have You Ever Seen The Rain? -- Creedence Clearwater Revival
Smells Like Teen Spirit -- Nirvana
Jizz In My Pants -- The Lonely Island
F.U.N. Song -- Spongebob Squarepants, Plankton
Cold As Ice -- Foreigner
Wouldn't It Be Nice - Stereo Mix -- The Beach Boys
All Star -- Kidz Bop Kids
Goofy Goober Rock -- Spongebob Squarepants
Strange Fruit -- Billie Holiday
The Safety Dance -- Men Without Hats
Who Let The Dogs Out -- Baha Men
Juke Box Hero -- Foreigner
In The Air Tonight - 2015 Remastered -- Phil Collins
Hot For Teacher - 2015 Remastered Version -- Van Halen
Shooting Stars -- Bag Raiders
Barbie Girl -- Aqua
Livin' In The Sunlight, Lovin' In The Moon Light -- Tiny Tim
SpongeBob SquarePants Theme Song -- Spongebob Squarepants
I Found A Way -- Drake Bell
The Fresh Prince of Bel-Air -- DJ Jazzy Jeff & The Fresh Prince
Paradise City -- Guns N' Roses
Turn Down For What - From "Alvin And The Chipmunks: The Road Chip" Soundtrack -- Alvin & The Chipmunks
Theme From Jeopardy! - Think Music -- TV Sounds Unlimited
Pokerap -- Pokémon
Spooky Scary Skeletons -- Spooky Scary Skeletons
Circle Of Life - From "The Lion King"/Soundtrack -- Carmen Twillie, Lebo M.
Sexy And I Know It -- LMFAO
My Little Pony Theme Song -- Twilight Sparkle, Apple Jack, Rainbow Dash, Pinkie Pie, Rarity, Fluttershy
Every Sperm Is Sacred -- Monty Python
Every Breath You Take - Remastered 2003 -- The Police
Dicks out for Harambe -- Rockie Gold
Ocean Man -- Ween
Want You Gone -- Aperture Science Psychoacoustic Laboratories
Soviet National Anthem (Hymne National De L'Urss) -- The Red Army Choir
Play My Music -- Jonas Brothers
Only Time -- Enya
Harder Better Faster Stronger -- Daft Punk
Clint Eastwood -- Gorillaz
Livin' la Vida Loca -- Ricky Martin
Rapper's Delight -- The Sugarhill Gang
1812 Overture -- Pyotr Ilyich Tchaikovsky, Royal Philharmonic Orchestra, Philip Ellis
The Fox (What Does The Fox Say?) -- Ylvis
Wild Side -- Mötley Crüe
Through The Fire And Flames -- DragonForce
I'm Lindana and I Wanna Have Fun -- Lindana
We No Speak Americano - Radio Edit -- Yolanda Be Cool, DCup
Here Comes The Sun - Remastered 2009 -- The Beatles
Y.M.C.A. -- Village People
Super Freak -- Rick James
Convoy -- C.W. McCall
Sweatshirt -- Jacob Sartorius
The Duck Song -- Bryant Oden
Get Lucky (feat. Pharrell Williams & Nile Rodgers) - Radio Edit -- Daft Punk, Pharrell Williams, Nile Rodgers
Super Mario Bros - Original -- Stryker Pose
Let's Get It Started - Spike Mix -- The Black Eyed Peas
Waving My Dick In The Wind -- Ween
Take Me Out -- Franz Ferdinand
Wake Me up Before You Go-Go -- Wham!
Gold Digger -- Kanye West, Jamie Foxx
My Name Is -- Eminem
Gillette -- 199X, Dr DisRespect
Back In Black -- AC/DC
S.O.S. -- Jonas Brothers
Never Gonna Give You Up -- Rick Astley
Swimming Pools (Drank) - Extended Version -- Kendrick Lamar
My Tighty Whiteys -- Spongebob, Sandy, Mr. Krabs, Plankton & Patrick
Sweet Dreams (Are Made of This) - Remastered -- Eurythmics
Everybody (Backstreet's Back) - Radio Edit -- Backstreet Boys
Heyyeyaaeyaaaeyaeyaa (Fabulous Secret Powers) -- SLACKCiRCUS
Shia LaBeouf Live -- Rob Cantor
Footloose -- Kenny Loggins
Nippon Manjyuu -- LADYBABY
Fuck Tha Police -- N.W.A.
Mii Channel (Nintendo Wii) -- The OneUps
Asian Jake Paul -- iDubbbz, Boyinaband
You've Got a Friend In Me - From "Toy Story" / Soundtrack -- Randy Newman
I'm On A Boat -- The Lonely Island, T-Pain
残酷な天使のテーゼ (新世紀エヴァンゲリオン) - -- Yoko Takahashi
Fuck You -- CeeLo Green
Badger Badger Badger -- Mr Weebl
Kazoo Kid Trap - Original Mix -- Mike Diva
Don't Stop Me Now - Remastered -- Queen
Africa -- Toto
Narwhals -- Mr Weebl
Milkshake - Radio Mix -- Kelis
Hungry Like The Wolf -- Duran Duran
You Snuck Your Way Right Into My Heart -- Love Händel
The Final Countdown -- Europe
Boyz-N-The-Hood -- Eazy-E
Hooked on a Feeling -- Blue Swede, Björn Skifs
Welcome To The Jungle -- Guns N' Roses
PONPONPON -- Kyary Pamyu Pamyu
The Simpsons Main Title Theme -- The Simpsons
Harlem Shake -- Baauer
Nickelodeon Girls -- Pink Guy
All Star -- Smash Mouth
The Real Slim Shady -- Eminem
We Are The Champions -- Queen
Baby Got Back -- Sir Mix-A-Lot
Spiderman -- T.V Themes
The Devil Went Down to Georgia -- The Charlie Daniels Band
The Best of Both Worlds - From "Hannah Montana"/Soundtrack Version -- Hannah Montana
Galaxy Song -- Monty Python
Believe -- Cher
Guren No Yumiya -- Linked Horizon
My Heart Will Go On - Love Theme from "Titanic" -- Céline Dion
It's Raining Men -- The Weather Girls
Leave It All To Me (Theme from iCarly) -- Miranda Cosgrove, Drake Bell
Law and Order: Theme From Law and Order -- TV Theme Song Library
The Time Is Now (John Cena) -- John Cena, Tha Trademarc, WWE
The Time Is Now (John Cena) -- John Cena, Tha Trademarc, WWE
U Can't Touch This -- MC Hammer
The Suite Life of Zack and Cody -- TV Tunesters
Let It Go - From "Frozen"/Soundtrack Version -- Idina Menzel
Babooshka -- Kate Bush
Bye Bye Bye -- *NSYNC
Bye Bye Bye -- *NSYNC
Cantina Band - From "Star Wars: A New Hope" -- London Voices, London Symphony Orchestra, John Williams, New London Children's Choir
Fireflies -- Owl City
Pumped Up Kicks -- Foster The People
Dream On -- Aerosmith
X Gon' Give It To Ya -- DMX
Pirates of the Caribbean (Main Theme) -- The Intermezzo Orchestra
Ghostbusters -- Ray Parker, Jr.
The Office Theme -- Michael Scott Fan Club
Bodies -- Drowning Pool
Bodies -- Drowning Pool
Seinfeld -- TV Themes
Seinfeld -- TV Themes
Deja Vu (Initial D) -- Tsuko G.
Deja Vu (Initial D) -- Tsuko G.
Stayin' Alive - From "Saturday Night Fever" Soundtrack -- Bee Gees
Stayin' Alive - From "Saturday Night Fever" Soundtrack -- Bee Gees
We Built This City -- Starship
Jessie's Girl -- Rick Springfield
Blue (Da Ba Dee) -- Kidz Bop Kids
Blue (Da Ba Dee) -- Kidz Bop Kids
Rasputin -- Turisas
Rasputin -- Turisas
Hey Ya! - Radio Mix / Club Mix -- OutKast
Hey Ya! - Radio Mix / Club Mix -- OutKast
Такого как путин -- Poyushchie vmeste
Take On Me -- a-ha
American Pie -- Don McLean
American Pie -- Don McLean
Dragostea Din Tei - Original Italian Version -- O-Zone
Dragostea Din Tei - Original Italian Version -- O-Zone
Chop Suey! -- System Of A Down
Chop Suey! -- System Of A Down
Let's Go (feat. Ne-Yo) -- Calvin Harris, Ne-Yo
Let's Go (feat. Ne-Yo) -- Calvin Harris, Ne-Yo
Trololo Song -- Mr. Trololo
Trololo Song -- Mr. Trololo
Krusty Krab Pizza Song (Spongebob Remix) -- William Jacobs
Thomas Theme -- Thomas & Friends
Bill Nye the Science Guy -- Mr Dooves
Bill Nye the Science Guy -- Mr Dooves
Everything Is AWESOME!!! -- Tegan and Sara, The Lonely Island
Everything Is AWESOME!!! -- Tegan and Sara, The Lonely Island
Ncis Theme -- Numeriklab
Ncis Theme -- Numeriklab
Like A Boss -- The Lonely Island
Like A Boss -- The Lonely Island
Pokemon Theme -- Pokémon
Pokemon Theme -- Pokémon
White & Nerdy (Parody of "Ridin'" by Chamillionaire feat. Krayzie Bone) -- "Weird Al" Yankovic
White & Nerdy (Parody of "Ridin'" by Chamillionaire feat. Krayzie Bone) -- "Weird Al" Yankovic
You Spin Me Round (Like a Record) -- Dead Or Alive
Roxanne -- The Police
You Reposted in the Wrong Neighborhood I Glue70 Mashup -- Shokk
You Reposted in the Wrong Neighborhood I Glue70 Mashup -- Shokk
Campfire Song Song -- Spongebob Squarepants
Hard Knock Life (Ghetto Anthem) -- The Academy Allstars
Taylor, The Latte Boy -- Susan Egan
Taylor, The Latte Boy -- Susan Egan